date,open,close,low,high,volume,money,change
2014/12/31,3172.6,3234.68,3157.26,3239.36,40599852100,4.32E+11,0.021751745
2014/12/30,3160.8,3165.82,3130.35,3190.3,39772532000,4.37E+11,-0.000694757
2014/12/29,3212.56,3168.02,3126.94,3223.86,51011143900,5.56E+11,0.003297755
2014/12/26,3078.01,3157.6,3064.18,3164.16,46070093200,4.89E+11,0.02768625
2014/12/25,2992.46,3072.54,2969.87,3073.35,37694777600,3.79E+11,0.033642699
2014/12/24,3039.21,2972.53,2934.91,3050.51,37680524600,3.79E+11,-0.019811305
2014/12/23,3085.08,3032.61,3025.67,3136.84,43776240000,4.19E+11,-0.030322835
2014/12/22,3129.27,3127.45,3090.51,3189.87,67937191500,6.24E+11,0.006063509
2014/12/19,3053.08,3108.6,3018.42,3117.53,52107351100,5.16E+11,0.016704709
2014/12/18,3062.8,3057.52,3030.32,3089.79,43590495200,4.67E+11,-0.001143083
2014/12/17,3031.95,3061.02,2993.33,3076.6,54250317900,5.80E+11,0.013073561
2014/12/16,2953.81,3021.52,2943.91,3021.9,45384272300,4.93E+11,0.023056991
2014/12/15,2921.45,2953.42,2890.9,2960.23,40037169500,4.11E+11,0.00518962
2014/12/12,2929.36,2938.17,2914.96,2962.51,40948081100,4.20E+11,0.004248493
2014/12/11,2912.35,2925.74,2892.61,2965.68,48263273300,4.80E+11,-0.004851351
2014/12/10,2855.94,2940.01,2807.68,2946.71,51288691300,5.35E+11,0.029316917
2014/12/9,2992.49,2856.27,2834.59,3091.32,77199837900,7.93E+11,-0.054296355
2014/12/8,2907.82,3020.26,2879.85,3041.66,58757089000,5.93E+11,0.028121486
2014/12/5,2926.57,2937.65,2813.05,2978.03,64050029600,6.39E+11,0.013171781
2014/12/4,2783.47,2899.46,2772.43,2900.51,53268771800,5.09E+11,0.04314802
2014/12/3,2768.68,2779.53,2733.87,2824.18,56212028100,5.30E+11,0.005782428
2014/12/2,2667.82,2763.55,2665.69,2777.37,43773338100,3.97E+11,0.031113872
2014/12/1,2691.73,2680.16,2668.84,2720.74,44679174100,4.01E+11,-0.000998943
2014/11/28,2629.63,2682.84,2622.06,2683.18,46588003500,4.02E+11,0.019900885
2014/11/27,2615.37,2630.49,2599.11,2631.4,36407571900,3.39E+11,0.010037457
2014/11/26,2572.65,2604.35,2570.4,2605.07,33712724900,3.17E+11,0.014312215
2014/11/25,2532,2567.6,2527.08,2568.38,31431557200,2.82E+11,0.013706932
2014/11/24,2505.53,2532.88,2495.52,2546.75,36348583500,3.30E+11,0.018533122
2014/11/21,2452.64,2486.79,2446.65,2488.2,21223977400,1.98E+11,0.013915912
2014/11/20,2443.28,2452.66,2437.48,2458.32,16549521300,1.51E+11,0.00068299
2014/11/19,2452.15,2450.99,2442.71,2461.49,18623577100,1.67E+11,-0.002190227
2014/11/18,2474.18,2456.37,2449.81,2477.05,20106257000,1.75E+11,-0.00713134
2014/11/17,2506.86,2474.01,2472.45,2508.77,21568780000,1.99E+11,-0.001942453
2014/11/14,2477.97,2478.82,2457.05,2481.03,22060761900,1.92E+11,-0.00272851
2014/11/13,2495,2485.61,2471.41,2507.74,29503705800,2.58E+11,-0.003555857
2014/11/12,2454.6,2494.48,2444.81,2494.92,25293385200,2.16E+11,0.01004303
2014/11/11,2483.65,2469.67,2445.96,2508.62,41190406500,3.31E+11,-0.001617029
2014/11/10,2436.63,2473.67,2428.19,2474.16,30062820300,2.45E+11,0.022952058
2014/11/7,2427.9,2418.17,2407.44,2454.42,29117224500,2.44E+11,-0.003171241
2014/11/6,2419.62,2425.86,2401.75,2426.89,22200508800,1.80E+11,0.002732247
2014/11/5,2432.17,2419.25,2415.5,2434.36,26360665400,2.02E+11,-0.004699514
2014/11/4,2428.27,2430.68,2417.22,2435.22,30901303900,2.27E+11,0.000265429
2014/11/3,2425.23,2430.03,2418.17,2436.79,29882123500,2.27E+11,0.004071601
2014/10/31,2393.18,2420.18,2384.48,2423.6,32576352200,2.50E+11,0.01217109
2014/10/30,2371.89,2391.08,2365.92,2397.26,29464594300,2.27E+11,0.007604624
2014/10/29,2343.72,2373.03,2339.71,2381.64,26558868700,2.25E+11,0.015038897
2014/10/28,2294.01,2337.87,2294.01,2338.28,17859035700,1.58E+11,0.020709585
2014/10/27,2293.57,2290.44,2279.84,2293.64,13026156800,1.13E+11,-0.005144031
2014/10/24,2303.08,2302.28,2296.66,2314.88,13222528100,1.14E+11,-5.99E-05
2014/10/23,2322.32,2302.42,2297.33,2329.93,16263630800,1.41E+11,-0.010373716
2014/10/22,2339.22,2326.55,2324.59,2352.12,15269842500,1.39E+11,-0.005600821
2014/10/21,2355.03,2339.66,2337.55,2361.65,16882828800,1.47E+11,-0.007243517
2014/10/20,2346.05,2356.73,2340.46,2357.51,16002230500,1.42E+11,0.006639376
2014/10/17,2352.78,2341.18,2312.83,2360.6,21230096200,1.79E+11,-0.006499048
2014/10/16,2361.13,2356.5,2353.41,2389.68,24820116800,2.04E+11,-0.007233946
2014/10/15,2358.23,2373.67,2344.37,2374.81,20280491500,1.72E+11,0.006016169
2014/10/14,2362.8,2359.48,2349.19,2380.52,19683141800,1.70E+11,-0.002761612
2014/10/13,2366.43,2366.01,2341.12,2366.86,20089931400,1.75E+11,-0.003592696
2014/10/10,2380.76,2374.54,2365.08,2386.28,22467112600,1.92E+11,-0.006207073
2014/10/9,2383.86,2389.37,2367.11,2391.35,23592001000,2.00E+11,0.002760205
2014/10/8,2368.58,2382.79,2354.29,2382.79,20439732600,1.80E+11,0.008005516
2014/9/30,2361.32,2363.87,2354.27,2365.49,19391869000,1.67E+11,0.002612279
2014/9/29,2353.71,2357.71,2346.58,2363.06,20011102100,1.71E+11,0.004256474
2014/9/26,2339.29,2347.72,2329.96,2350.11,17474828500,1.48E+11,0.00111509
2014/9/25,2352.87,2345.1,2336.81,2365.15,22568832300,1.89E+11,0.000651995
2014/9/24,2302.23,2343.58,2297.88,2345.75,22252572500,1.86E+11,0.014658499
2014/9/23,2289.09,2309.72,2289.02,2311.53,15685516900,1.35E+11,0.008669503
2014/9/22,2323.55,2289.87,2284.38,2323.55,17584235400,1.48E+11,-0.016993274
2014/9/19,2312.98,2329.45,2305.52,2331.56,17464848700,1.44E+11,0.005839128
2014/9/18,2303.85,2315.93,2297.93,2319.88,18908904500,1.45E+11,0.003481531
2014/9/17,2298.98,2307.89,2282.8,2309.05,21084245300,1.59E+11,0.00493696
2014/9/16,2341.03,2296.56,2293.87,2347.94,30269411100,2.38E+11,-0.018205409
2014/9/15,2330.19,2339.14,2321.59,2340.45,21511241400,1.85E+11,0.003083257
2014/9/12,2308.35,2331.95,2302.78,2331.95,19347154000,1.62E+11,0.008768951
2014/9/11,2315.73,2311.68,2304.6,2343.6,22222179800,1.97E+11,-0.002858123
2014/9/10,2318.5,2318.31,2306.42,2321.91,18982899100,1.63E+11,-0.003534023
2014/9/9,2328.43,2326.53,2315.89,2331.92,19699031800,1.73E+11,4.08E-05
2014/9/5,2311.31,2326.43,2307.45,2327.56,21318191700,1.86E+11,0.008483386
2014/9/4,2290.03,2306.86,2283.28,2307.7,19948997800,1.79E+11,0.007967659
2014/9/3,2268.4,2288.63,2268.1,2290.55,21247899800,1.88E+11,0.009964935
2014/9/2,2239.68,2266.05,2234.38,2267.51,19212486900,1.71E+11,0.013659069
2014/9/1,2220.13,2235.51,2217.69,2236.29,12916658300,1.17E+11,0.008258614
2014/8/29,2198.95,2217.2,2193.26,2218.7,10520249600,93043872850,0.009737601
2014/8/28,2210.48,2195.82,2194.86,2219.47,12422901400,1.09E+11,-0.006176608
2014/8/27,2207.03,2209.47,2204.05,2216.67,12088588500,1.04E+11,0.00106882
2014/8/26,2225.29,2207.11,2200.62,2232.79,16350742400,1.34E+11,-0.009944045
2014/8/25,2241.1,2229.27,2222.01,2241.55,16211957800,1.34E+11,-0.005149026
2014/8/22,2228.97,2240.81,2225.27,2243.3,16011167200,1.40E+11,0.004642096
2014/8/21,2239.57,2230.46,2211.63,2240.08,16573349800,1.41E+11,-0.004353608
2014/8/20,2241.66,2240.21,2233.89,2248.94,16765838300,1.40E+11,-0.002279843
2014/8/19,2242.34,2245.33,2227.93,2246.02,17774459200,1.55E+11,0.002618481
2014/8/18,2229.8,2239.47,2228.13,2242.04,16392862600,1.41E+11,0.005717791
2014/8/15,2207.23,2226.73,2203.24,2230.87,14997869100,1.29E+11,0.00918573
2014/8/14,2221.54,2206.47,2204.38,2230.89,17014912300,1.42E+11,-0.007382775
2014/8/13,2223.05,2222.88,2202.44,2230.99,17806280600,1.46E+11,0.000577063
2014/8/12,2222.7,2221.6,2210,2222.98,15479904600,1.32E+11,-0.001375045
2014/8/11,2199.43,2224.65,2198.31,2225.96,15058342100,1.26E+11,0.013775363
2014/8/8,2188.71,2194.43,2180.6,2199.58,13518144300,1.10E+11,0.003088219
2014/8/7,2216.66,2187.67,2185.76,2220.57,17523327400,1.37E+11,-0.013436965
2014/8/6,2212,2217.47,2192.99,2223.89,17771170700,1.40E+11,-0.001117145
2014/8/5,2224.63,2219.95,2206.85,2226.84,17538698700,1.41E+11,-0.00152294
2014/8/4,2190.04,2223.33,2186.92,2224.07,17409740300,1.40E+11,0.017401706
2014/8/1,2194.17,2185.3,2184.64,2218.79,19147504200,1.52E+11,-0.007385211
2014/7/31,2179.54,2201.56,2173.9,2202.13,16469165400,1.32E+11,0.009315331
2014/7/30,2178.18,2181.24,2177.24,2194.57,18492218700,1.50E+11,-0.00089273
2014/7/29,2179.83,2183.19,2172.1,2193.52,20026425700,1.59E+11,0.002407771
2014/7/28,2135.25,2177.95,2135.25,2181.5,23618575200,1.80E+11,0.024138842
2014/7/25,2108.71,2126.61,2106.71,2127.22,14249582600,1.11E+11,0.010238178
2014/7/24,2079.63,2105.06,2079.63,2107.95,16567699600,1.29E+11,0.012784768
2014/7/23,2074.2,2078.49,2072.23,2088.19,13729221100,1.07E+11,0.001449303
2014/7/22,2050.5,2075.48,2049.82,2078.09,12319186800,98702436643,0.010222543
2014/7/21,2057.77,2054.48,2049.18,2061.82,9385787000,75706180211,-0.002228194
2014/7/18,2047.5,2059.07,2046,2067.23,10664109400,82510264416,0.001690998
2014/7/17,2062.89,2055.59,2046.19,2062.89,10449181200,79106281032,-0.005652366
2014/7/16,2068.34,2067.28,2061.57,2075.49,13712802000,1.02E+11,-0.001488149
2014/7/15,2065.9,2070.36,2059.68,2070.36,12448876800,1.03E+11,0.001795663
2014/7/14,2047.74,2066.65,2044.9,2067.34,11511974000,96357013657,0.009616695
2014/7/11,2033.87,2046.96,2033,2051.74,10508808300,86253717656,0.004228437
2014/7/10,2036.54,2038.34,2034.96,2045.53,9794381900,84748630822,-0.000132443
2014/7/9,2061.64,2038.61,2037.6,2062.47,11330584100,97183492310,-0.012310437
2014/7/8,2058.13,2064.02,2047.2,2064.43,9505339300,81584449261,0.001987449
2014/7/7,2058.13,2059.93,2050.89,2064.04,9716875400,81471314663,0.000268042
2014/7/4,2062.36,2059.38,2054.22,2065.08,10500879200,83596436667,-0.001867946
2014/7/3,2051.63,2063.23,2048.08,2066.64,12292658200,96182469062,0.001850523
2014/7/2,2049.49,2059.42,2044.04,2060.6,10955391100,89304983545,0.004407474
2014/7/1,2051.23,2050.38,2041.94,2052.64,9845740900,83499762384,0.00100277
2014/6/30,2038.61,2048.33,2038.53,2052.34,9666659800,80011169570,0.005802574
2014/6/27,2031.91,2036.51,2025.07,2043.98,9759201700,76710586646,-0.001062944
2014/6/26,2025.66,2038.68,2025.31,2040.75,8095577800,66534274736,0.00650456
2014/6/25,2030.43,2025.5,2018.36,2030.62,6753961000,55989137975,-0.004144192
2014/6/24,2023.7,2033.93,2021.75,2034.71,7121463400,61684910986,0.004725432
2014/6/23,2026.23,2024.37,2022.92,2033.32,7048516200,57772730103,-0.001139305
2014/6/20,2013.41,2026.67,2010.53,2027.15,6716724600,53224269342,0.001452265
2014/6/19,2054.62,2023.74,2017.65,2059.26,9291427400,74628946056,-0.015462761
2014/6/18,2064.38,2055.52,2051.75,2066.91,8724535000,70472931939,-0.005409112
2014/6/17,2080.48,2066.7,2064.67,2080.48,8780048100,70923265343,-0.009245042
2014/6/16,2070.7,2085.98,2069.44,2087.32,9593977000,79953076117,0.007373299
2014/6/13,2049.21,2070.72,2048.62,2073.6,9717480600,82546974059,0.009261529
2014/6/12,2051.58,2051.71,2045.96,2057.11,8171118600,69306421819,-0.001574249
2014/6/11,2049.13,2054.95,2045.41,2056.63,7444435400,63177390287,0.001177083
2014/6/10,2033.21,2052.53,2026.39,2052.77,7962371700,65406104835,0.010849534
2014/6/9,2024.94,2030.5,2023.2,2045.26,6478831700,55139842258,0.000268971
2014/6/6,2040.86,2029.96,2022.16,2041.57,6602174400,55124242502,-0.005351618
2014/6/5,2019.44,2040.88,2016.18,2041.7,6794953600,56376142155,0.007923613
2014/6/4,2037.99,2024.83,2012.91,2038.48,7241277100,57467546430,-0.006836468
2014/6/3,2039.2,2038.77,2037.3,2049.58,7158412400,59296437014,-0.00021577
2014/5/30,2040.39,2039.21,2031.37,2046.96,7514889800,62353642382,-0.000677744
2014/5/29,2051.84,2040.6,2039.24,2057.08,8124292100,69472513686,-0.004698502
2014/5/28,2034.56,2050.23,2029.34,2052.66,8133864200,68602224952,0.007698452
2014/5/27,2039.79,2034.57,2032.84,2044.15,6757788900,55920518535,-0.003385296
2014/5/26,2042.03,2041.48,2035.09,2045.38,7028122000,59840433362,0.003394822
2014/5/23,2020.12,2034.57,2017.74,2034.57,6348806500,51464939986,0.006572057
2014/5/22,2023.15,2021.29,2018.88,2041.96,7472847400,59501663401,-0.001810414
2014/5/21,2001.31,2024.95,1991.06,2025.19,6181154700,48415094175,0.008381973
2014/5/20,2011.85,2008.12,2002.76,2018.16,6134538200,49549015106,0.001464206
2014/5/19,2023.01,2005.18,1996.02,2023.27,6532943800,52975245931,-0.010521075
2014/5/16,2023.6,2026.5,2012.69,2027.76,6635366000,51625885302,0.000755565
2014/5/15,2044.38,2024.97,2022.86,2047.32,7584515400,59773445331,-0.011199711
2014/5/14,2049.27,2047.91,2042.74,2056.57,7201112500,56455292293,-0.001374146
2014/5/13,2055.08,2050.73,2043.55,2061.06,9722338800,73741718051,-0.001043904
2014/5/12,2022.93,2052.87,2016.64,2055.51,11574207700,88097002894,0.020752461
2014/5/9,2016.5,2011.14,2001.3,2020.45,7622424400,57505383717,-0.002053815
2014/5/8,2006.85,2015.27,2005.69,2036.94,7786539300,59529365546,0.00258248
2014/5/7,2023.15,2010.08,2008.45,2024.63,7436019200,57558051925,-0.008853384
2014/5/6,2024.26,2028.04,2021.49,2038.71,7460941100,57548110850,0.000337879
2014/5/5,2022.18,2027.35,2007.35,2028.96,7993339500,60093487736,0.000491029
2014/4/30,2020.44,2026.36,2016.58,2029.54,7452857800,57677357948,0.00297821
2014/4/29,2001.9,2020.34,1997.64,2021.68,7622127500,56776480980,0.008412333
2014/4/28,2033.34,2003.49,2000.14,2035.99,8979526200,68541492566,-0.016219834
2014/4/25,2060.54,2036.52,2035.57,2065.64,9304233300,74155877478,-0.009972616
2014/4/24,2064.16,2057.03,2056.19,2075.76,7818595500,64407532370,-0.005005848
2014/4/23,2068.08,2067.38,2059.11,2076.35,7853152100,66156169573,-0.002628772
2014/4/22,2062.79,2072.83,2047.33,2073.66,9871988200,82468105678,0.003390895
2014/4/21,2085.98,2065.83,2065.23,2103.08,9637836900,81654552342,-0.015217271
2014/4/18,2091.48,2097.75,2081.19,2099.64,8815569500,72555982418,-0.000541716
2014/4/17,2108.95,2098.89,2095.71,2110.72,8989632500,74257033528,-0.002962774
2014/4/16,2097.21,2105.12,2092.16,2112.05,8936165700,75099477740,0.001675389
2014/4/15,2125.9,2101.6,2098.15,2125.9,10753115100,91135360828,-0.014045251
2014/4/14,2127.41,2131.54,2116.61,2134.43,10207785300,86591714588,0.000467956
2014/4/11,2130.37,2130.54,2120.18,2138.65,13176835900,1.12E+11,-0.001760765
2014/4/10,2105.88,2134.3,2098.08,2146.67,15678960900,1.30E+11,0.013805097
2014/4/9,2100.65,2105.24,2095.64,2108.75,10534047100,87366776078,0.00331366
2014/4/8,2054.53,2098.28,2052.9,2102.45,13337098300,1.08E+11,0.019162816
2014/4/4,2037.55,2058.83,2035.22,2060.1,8318905600,66368648237,0.007402743
2014/4/3,2063.5,2043.7,2037.45,2066.01,10861842100,79480900734,-0.007424035
2014/4/2,2049.42,2058.99,2046.74,2060.78,10265852500,77940636053,0.005630391
2014/4/1,2031.01,2047.46,2028.1,2050.68,8328657600,64512636953,0.006961077
2014/3/31,2043.05,2033.31,2024.19,2048.13,9435653600,71573688750,-0.004117133
2014/3/28,2046.85,2041.71,2035.24,2060.13,12168196500,94221958284,-0.002382502
2014/3/27,2060.81,2046.59,2042.71,2073.98,11914937400,94996460806,-0.008277486
2014/3/26,2070.57,2063.67,2057.65,2074.57,10261111600,80463446277,-0.001761225
2014/3/25,2063.32,2067.31,2057.49,2079.55,13182223200,1.00E+11,0.000499449
2014/3/24,2050.83,2066.28,2043.33,2074.06,14770008500,1.10E+11,0.009113023
2014/3/21,1987.68,2047.62,1986.07,2052.47,14447765600,1.09E+11,0.02715855
2014/3/20,2017.22,1993.48,1993,2030.85,11033304800,88630977588,-0.013975627
2014/3/19,2019.98,2021.73,2002.44,2022.18,9518079700,79473241174,-0.001709464
2014/3/18,2026.22,2025.2,2020.41,2034.92,9677719300,83580456683,0.000752592
2014/3/17,2009.88,2023.67,1999.25,2024.37,8625037400,72017781997,0.009646073
2014/3/14,2008.83,2004.34,1990.98,2017.91,8777511100,69925888157,-0.007316091
2014/3/13,2000.7,2019.11,1996.53,2029.12,10097811600,77979057254,0.010721873
2014/3/12,1996.24,1997.69,1974.38,2011.06,10136171900,79293072715,-0.001731498
2014/3/11,1994.42,2001.16,1985.6,2008.07,9270526500,76870326506,0.001046489
2014/3/10,2042.35,1999.07,1995.55,2042.63,11569666600,95032992605,-0.028593601
2014/3/7,2058.38,2057.91,2050.47,2079.49,10370954000,89332133920,-0.000810846
2014/3/6,2050.03,2059.58,2030.95,2065.79,10929013300,92561446561,0.003163046
2014/3/5,2073.3,2053.08,2050.18,2074.82,10773308200,91623332621,-0.008877258
2014/3/4,2068.11,2071.47,2050.13,2074.03,11592579200,1.01E+11,-0.001812807
2014/3/3,2052.08,2075.24,2047.07,2078.33,12746089100,1.05E+11,0.009207305
2014/2/28,2040.62,2056.3,2020.94,2058.49,11163790700,95684072094,0.004370519
2014/2/27,2045.1,2047.35,2036.39,2068.31,13216385200,1.13E+11,0.002988359
2014/2/26,2026.61,2041.25,2014.38,2041.63,11011268700,96117707808,0.00345833
2014/2/25,2077.29,2034.22,2026.54,2087.62,14013297800,1.28E+11,-0.020449408
2014/2/24,2099.72,2076.69,2058.79,2099.72,12355530800,1.07E+11,-0.017508219
2014/2/21,2131.59,2113.69,2098.33,2132.7,11766265100,99514289373,-0.011730508
2014/2/20,2152.89,2138.78,2136.48,2177.98,15705227600,1.31E+11,-0.001760516
2014/2/19,2116.92,2142.55,2111.17,2152.96,15126124600,1.28E+11,0.011084129
2014/2/18,2134.14,2119.07,2113.13,2134.14,14286930800,1.30E+11,-0.007656123
2014/2/17,2124.88,2135.42,2117.69,2136.45,14024444300,1.26E+11,0.009247829
2014/2/14,2097.32,2115.85,2095.09,2116.19,11151795000,97399672623,0.008314426
2014/2/13,2106.93,2098.4,2096.97,2122.83,14653263400,1.24E+11,-0.005475946
2014/2/12,2103.83,2109.96,2096.51,2110.9,12633318600,1.11E+11,0.002987159
2014/2/11,2086.18,2103.67,2082.52,2111.06,14221132400,1.25E+11,0.008438847
2014/2/10,2049.98,2086.07,2049.98,2087.98,12433183300,1.13E+11,0.020332629
2014/2/7,2022.32,2044.5,2014.7,2044.73,7359875500,67829921866,0.005614134
2014/1/30,2045.93,2033.08,2031.47,2045.93,6261518400,58264498308,-0.008210588
2014/1/29,2042.18,2049.91,2039.77,2051.58,7386546200,67694123639,0.005592802
2014/1/28,2036.4,2038.51,2026.99,2047.13,7252904300,65751604445,0.002563813
2014/1/27,2044.27,2033.3,2029.63,2044.85,8881542600,81914219452,-0.010266785
2014/1/24,2037.67,2054.39,2034.45,2060.99,9294792100,82346176543,0.005979884
2014/1/23,2048.33,2042.18,2039.05,2052.53,8421058500,76083326567,-0.004663826
2014/1/22,2009.97,2051.75,2008.93,2052.34,9889285600,84126659381,0.021628103
2014/1/21,1992.02,2008.31,1992.02,2014.15,5984491100,52017917403,0.00856747
2014/1/20,2001.89,1991.25,1984.82,2005.94,5627124700,48298781024,-0.006831096
2014/1/17,2017.52,2004.95,2001.33,2017.87,6730572000,57039564098,-0.009266191
2014/1/16,2022.54,2023.7,2014.41,2034.71,7275571900,62829760799,0.000174463
2014/1/15,2024.23,2023.35,2010.2,2027.41,6743622200,57740358255,-0.001723864
2014/1/14,2007.16,2026.84,2001.14,2027.43,7036661400,56687625248,0.008597885
2014/1/13,2014.98,2009.56,2000.4,2027.18,6654477600,55616750648,-0.001854668
2014/1/10,2023.54,2013.3,2008.01,2029.3,7561612100,61044553200,-0.007064433
2014/1/9,2041.77,2027.62,2026.45,2057.2,7594188300,67605664108,-0.0081777
2014/1/8,2047.26,2044.34,2037.11,2062.95,7164736400,62941429756,-0.001454098
2014/1/7,2034.22,2047.32,2029.25,2052.28,6340293800,54638641623,0.000786036
2014/1/6,2078.68,2045.71,2034.01,2078.68,8958760800,72895394974,-0.017966662
2014/1/3,2101.54,2083.14,2075.9,2102.17,8449724100,72372229162,-0.012444848
2014/1/2,2112.13,2109.39,2101.02,2113.11,6848548600,61921354651,-0.003114872
2013/12/31,2090.68,2115.98,2087.42,2120.27,8047437500,71456281495,0.008795588
2013/12/30,2108.88,2097.53,2095.06,2112.01,7408505600,63038943336,-0.001771326
2013/12/27,2074.59,2101.25,2069.59,2110.36,7675682700,66394444690,0.01357967
2013/12/26,2102.66,2073.1,2070.55,2102.66,7854140800,66767122191,-0.015787944
2013/12/25,2095.02,2106.35,2088.3,2107.23,6513909600,58136846617,0.006425996
2013/12/24,2094.07,2092.91,2079.81,2111.81,7025146700,61697067271,0.001530358
2013/12/23,2089.54,2089.71,2068.54,2099.52,6814663600,58435623902,0.002356588
2013/12/20,2128.37,2084.79,2082.86,2131.74,8677521200,72198200223,-0.020207802
2013/12/19,2153.67,2127.79,2126.25,2159.14,7312347900,61496944001,-0.009539237
2013/12/18,2150.41,2148.29,2142.62,2156.59,6417358400,55420595199,-0.001298883
2013/12/17,2161.54,2151.08,2146.31,2165.54,7857893600,66921600555,-0.004526899
2013/12/16,2197.23,2160.86,2159.99,2201.7,10138759400,86422957339,-0.016034971
2013/12/13,2188.26,2196.08,2183.84,2204.64,8510101200,72637502087,-0.003051122
2013/12/12,2199.32,2202.8,2194.9,2214.55,8610867100,76003328922,-0.00062155
2013/12/11,2228.63,2204.17,2193.16,2228.63,10947315000,94389298201,-0.014894355
2013/12/10,2239.86,2237.49,2231.68,2250.5,10904313300,95556296184,-0.000316326
2013/12/9,2241.79,2238.2,2231.73,2249.17,9327363900,84432480333,0.00048813
2013/12/6,2242.56,2237.11,2228.63,2248.15,10370092900,92254759114,-0.004430227
2013/12/5,2252.72,2247.06,2239.14,2255.26,12204841400,1.06E+11,-0.00208681
2013/12/4,2219.97,2251.76,2215.92,2260.87,15729294300,1.35E+11,0.013088763
2013/12/3,2196.82,2222.67,2193.25,2227.93,11350641000,1.01E+11,0.006930869
2013/12/2,2203.12,2207.37,2172.63,2231.92,17428199000,1.52E+11,-0.005914423
2013/11/29,2221.62,2220.5,2212.26,2224.94,10695905300,97834025505,0.000510054
2013/11/28,2204.38,2219.37,2202.62,2234.39,13445677700,1.20E+11,0.008315047
2013/11/27,2181.73,2201.07,2176.85,2207.62,11538441100,1.02E+11,0.008243884
2013/11/26,2184.33,2183.07,2176.18,2192.58,10046083000,84536640855,-0.00139151
2013/11/25,2186.06,2186.12,2181.42,2209.15,10828265500,96747311934,-0.004672693
2013/11/22,2206.47,2196.38,2188.77,2211.07,11386645700,1.02E+11,-0.004256118
2013/11/21,2197.01,2205.77,2177.74,2206.53,13724551600,1.20E+11,-0.000383846
2013/11/20,2201.47,2206.61,2186.64,2207.11,11896186100,1.05E+11,0.006150128
2013/11/19,2198.32,2193.13,2186.11,2203.3,12508230700,1.16E+11,-0.001863264
2013/11/18,2147.37,2197.22,2143.77,2198.32,15750271400,1.43E+11,0.028743901
2013/11/15,2100.9,2135.83,2100.79,2153.21,12589452000,1.13E+11,0.016815472
2013/11/14,2087.12,2100.51,2078.99,2102.38,8379937300,72089883154,0.00601789
2013/11/13,2117.89,2087.94,2086.01,2117.91,8825709400,73376066494,-0.018258187
2013/11/12,2110.72,2126.77,2108.4,2127.94,7944673100,67951266386,0.008201582
2013/11/11,2103.3,2109.47,2093.63,2117.28,6967829900,59934058729,0.001587749
2013/11/8,2120.92,2106.13,2103.51,2128.58,8309685900,70325214666,-0.01092937
2013/11/7,2136.63,2129.4,2119.19,2141.6,8184261000,70177472947,-0.004770502
2013/11/6,2149.39,2139.61,2138.78,2166.17,10048734400,86547130819,-0.00817387
2013/11/5,2139.84,2157.24,2124.85,2158.15,9190003100,77963321579,0.003538277
2013/11/4,2156.09,2149.63,2143.21,2160.58,7614794100,66305997105,3.35E-05
2013/11/1,2139.88,2149.56,2132.63,2157.31,8911847700,76271865039,0.00371122
2013/10/31,2155.51,2141.61,2137.47,2155.51,10806302000,88638835793,-0.008724519
2013/10/30,2126.69,2160.46,2121.84,2161.94,11964336200,95233751781,0.014843128
2013/10/29,2135.23,2128.86,2093.2,2163.66,14309281100,1.17E+11,-0.002345505
2013/10/28,2135.88,2133.87,2123.07,2140.96,8840132200,77889328547,0.000428513
2013/10/25,2163.69,2132.96,2122.68,2170.61,11392452000,99671699060,-0.01449276
2013/10/24,2178.82,2164.32,2159.87,2183.41,10300895300,90001867021,-0.008604709
2013/10/23,2213.27,2183.11,2177.73,2226.85,14634709000,1.26E+11,-0.012460125
2013/10/22,2227.34,2210.65,2204.24,2227.34,14913283100,1.35E+11,-0.008336933
2013/10/21,2198.11,2229.24,2190.39,2230.29,13669440800,1.24E+11,0.016162514
2013/10/18,2188.71,2193.78,2184.36,2203.29,10372463100,90814173242,0.002393374
2013/10/17,2201.71,2188.54,2183.25,2211.03,12676794400,1.13E+11,-0.002066506
2013/10/16,2228.11,2193.07,2183.4,2228.11,15463863700,1.38E+11,-0.018061155
2013/10/15,2237.93,2233.41,2221.14,2240.25,15372282500,1.39E+11,-0.001948813
2013/10/14,2232.22,2237.77,2226.4,2242.98,16598338600,1.52E+11,0.004320632
2013/10/11,2201.41,2228.15,2200.53,2228.87,15689217600,1.42E+11,0.016986858
2013/10/10,2214.41,2190.93,2186.48,2214.59,14977589600,1.37E+11,-0.009422322
2013/10/9,2191.39,2211.77,2185.18,2212.35,13087173700,1.18E+11,0.006173235
2013/10/8,2171.9,2198.2,2161.49,2200.02,12671020300,1.15E+11,0.010821897
2013/9/30,2167.73,2174.67,2165.16,2176.3,9281008100,88982759154,0.006776767
2013/9/27,2150.96,2160.03,2149.59,2165.78,10540178800,97811678182,0.001956574
2013/9/26,2192.23,2155.81,2154.72,2192.23,14041534600,1.26E+11,-0.01942493
2013/9/25,2206.23,2198.52,2193.72,2217.97,16021276200,1.44E+11,-0.004084201
2013/9/24,2219.47,2207.53,2187.24,2219.54,16041505500,1.43E+11,-0.006084076
2013/9/23,2199.36,2221.04,2198.34,2223.07,13317485800,1.21E+11,0.01331888
2013/9/18,2185.94,2191.85,2172.04,2195.9,11511188700,1.01E+11,0.002878438
2013/9/17,2230.39,2185.56,2184.92,2230.93,15454255500,1.32E+11,-0.020543596
2013/9/16,2244.46,2231.4,2226.17,2248.47,15488402000,1.34E+11,-0.002153637
2013/9/13,2251.46,2236.22,2228.48,2259.42,17198422900,1.41E+11,-0.008595477
2013/9/12,2236.17,2255.61,2226.29,2270.27,20971511000,1.67E+11,0.006396825
2013/9/11,2244.96,2241.27,2233,2258.08,24434945500,1.95E+11,0.001467392
2013/9/10,2214.81,2237.98,2202.82,2238.55,23720664900,1.91E+11,0.011510877
2013/9/9,2151.35,2212.52,2151.35,2218.53,21942708600,1.79E+11,0.033889363
2013/9/6,2119.33,2139.99,2119.02,2143.24,14326066000,1.19E+11,0.008274949
2013/9/5,2125.26,2122.43,2115.24,2127.86,12654410400,1.06E+11,-0.002438408
2013/9/4,2121.68,2127.62,2115.75,2133,14200038600,1.16E+11,0.002122356
2013/9/3,2100.45,2123.11,2095.46,2123.85,13889317500,1.12E+11,0.011753448
2013/9/2,2104.09,2098.45,2078.46,2108.68,14915852400,1.21E+11,3.15E-05
2013/8/30,2097.22,2098.38,2089.1,2114.39,17007564900,1.32E+11,0.000550727
2013/8/29,2108.44,2097.23,2088.24,2110.89,13326821900,1.05E+11,-0.001938799
2013/8/28,2092.31,2101.3,2080.86,2113.82,16139202600,1.32E+11,-0.001077218
2013/8/27,2095.44,2103.57,2090.43,2105.38,12634196600,1.05E+11,0.0033833
2013/8/26,2061.42,2096.47,2056.13,2097.34,11993265200,99157897686,0.018963206
2013/8/23,2075.93,2057.46,2029.37,2079.85,11242635100,94571635944,-0.004676062
2013/8/22,2069.31,2067.12,2062.37,2083.33,9092830700,76018374980,-0.002815779
2013/8/21,2076.27,2072.96,2056.91,2076.32,8744599100,72860722876,0.00017659
2013/8/20,2081.97,2072.6,2066.07,2098.98,10738177300,89117930477,-0.006236569
2013/8/19,2055.13,2085.6,2052.7,2091.13,9744678300,81501386164,0.008291225
2013/8/16,2075.98,2068.45,2061.65,2198.85,15306332600,1.23E+11,-0.006449939
2013/8/15,2099.28,2081.88,2079.97,2108.41,9939665600,84735663149,-0.008693242
2013/8/14,2109.23,2100.14,2093.04,2122.97,11443780200,95791169735,-0.002857813
2013/8/13,2101.32,2106.16,2093.8,2106.4,11770887500,96430370026,0.002319059
2013/8/12,2058.42,2101.28,2055.72,2102.35,13512897400,1.16E+11,0.023899797
2013/8/9,2052.24,2052.24,2030.13,2061.71,9531642300,83036019695,0.003589426
2013/8/8,2044.44,2044.9,2037.25,2058.56,8413329000,71954924316,-0.000919983
2013/8/7,2056.37,2046.78,2043.75,2069.56,10771259400,91260307563,-0.006659549
2013/8/6,2043.65,2060.5,2034.96,2066.74,10558097500,88690559153,0.004886171
2013/8/5,2031.72,2050.48,2025.23,2050.91,8551796800,73277096081,0.010378838
2013/8/2,2039.51,2029.42,2025.65,2047.08,9359276700,78906252081,0.000172986
2013/8/1,2000.82,2029.07,1997.06,2029.93,9125668600,77395281406,0.017688844
2013/7/31,2000.79,1993.8,1987.88,2015.47,7016060300,59394334168,0.001876824
2013/7/30,1981.45,1990.06,1965.36,2006.23,7721978400,66157865325,0.006961473
2013/7/29,1997.84,1976.31,1969.85,1997.84,7868327400,65866980367,-0.017178805
2013/7/26,2013.19,2010.85,2000.8,2021.57,7380042900,65538619606,-0.005107922
2013/7/25,2037.34,2021.17,2016.43,2045.37,9854536600,86249516075,-0.005977882
2013/7/24,2035.69,2033.33,2010.42,2042.77,10665577900,93700581451,-0.005160293
2013/7/23,2008.96,2043.88,2005.09,2051.53,10951736000,92711261462,0.019510545
2013/7/22,1977.73,2004.76,1970.64,2005.47,8292219000,69649507412,0.006079348
2013/7/19,2025.32,1992.65,1990.25,2035.22,10457757100,87481519970,-0.015196234
2013/7/18,2038.4,2023.4,2016.9,2043.37,9213204900,76618528707,-0.010526563
2013/7/17,2061.19,2044.92,2043.23,2075.81,10325132100,87993978106,-0.01006816
2013/7/16,2054.6,2065.72,2038.54,2066.36,9673739900,82870901045,0.003073726
2013/7/15,2046.12,2059.39,2037.25,2076.67,10147035700,88023339258,0.009759322
2013/7/12,2068.04,2039.49,2036.05,2074.86,12117417500,1.03E+11,-0.016162636
2013/7/11,2011.02,2072.99,2010.4,2092.87,15997077300,1.31E+11,0.03230126
2013/7/10,1962.84,2008.13,1960.28,2009.36,8979798100,72807806791,0.021711014
2013/7/9,1953.6,1965.45,1946.37,1969.15,6453873300,52223185846,0.003667007
2013/7/8,1983.22,1958.27,1953.12,1983.22,8413649100,67187833865,-0.024375261
2013/7/5,2006.19,2007.2,2002.37,2021.54,9134522200,75137508120,0.000548827
2013/7/4,1982.87,2006.1,1974.1,2022.14,10039418300,82685489823,0.005932001
2013/7/3,1996.51,1994.27,1965.52,1996.54,9346647100,76682437035,-0.006125907
2013/7/2,1992.89,2006.56,1978.43,2007.62,8641541800,73980843793,0.005672495
2013/7/1,1965.99,1995.24,1957.57,1995.92,7805139300,62711812201,0.008102239
2013/6/28,1935.52,1979.21,1925.65,1987.98,10073796800,77513874673,0.014970669
2013/6/27,1955.13,1950.01,1942.37,1980.54,10581331800,84260408505,-0.000759418
2013/6/26,1954.47,1951.5,1922.82,1959.16,10119252700,80892689202,-0.004089292
2013/6/25,1948.32,1959.51,1849.65,1963.57,13815851600,1.05E+11,-0.001898397
2013/6/24,2068.86,1963.24,1958.4,2068.86,10919821500,87969841712,-0.05299323
2013/6/21,2058.98,2073.1,2042.88,2085.86,7967322400,67440066220,-0.005242749
2013/6/20,2132.81,2084.02,2082.83,2132.81,7778793000,68164538356,-0.027727677
2013/6/19,2150.82,2143.45,2115.79,2150.82,7542501600,67080569348,-0.007334352
2013/6/18,2158.55,2159.29,2138.35,2161.68,6963227100,63582678086,0.001426574
2013/6/17,2165.99,2156.22,2147.03,2169.36,7575779000,68440143896,-0.002694676
2013/6/14,2150.06,2162.04,2142.78,2163.85,7785747200,68747761906,0.006370456
2013/6/13,2190.1,2148.36,2126.22,2190.1,9437109400,79714527238,-0.028288505
2013/6/7,2242.26,2210.9,2205.07,2250.63,8997807700,81058352191,-0.013920816
2013/6/6,2264.43,2242.11,2240.07,2266.69,8153869400,75261584761,-0.012691271
2013/6/5,2270.71,2270.93,2260.87,2276.87,7648330300,71142676053,-0.00065349
2013/6/4,2297.1,2272.42,2264.76,2297.1,10189581800,92377181551,-0.011671622
2013/6/3,2300.21,2299.25,2294.11,2313.43,9688281400,91648607743,-0.000583762
2013/5/31,2320.74,2300.6,2299.37,2325.53,10816255400,1.01E+11,-0.007401147
2013/5/30,2316.25,2317.75,2310.49,2325.72,11191303200,1.04E+11,-0.002697054
2013/5/29,2323.54,2324.02,2321.17,2334.34,12525072900,1.14E+11,0.001162702
2013/5/28,2293.4,2321.32,2281.47,2322.1,13263299500,1.20E+11,0.012315766
2013/5/27,2286.66,2293.08,2283.94,2301.7,10732506100,99920157617,0.001985551
2013/5/24,2281.45,2288.53,2270.25,2292.6,10144121300,92021526802,0.005653727
2013/5/23,2293.81,2275.67,2274.1,2304.95,12401984400,1.11E+11,-0.011612216
2013/5/22,2303.75,2302.4,2292.43,2314.18,12836002600,1.15E+11,-0.001176081
2013/5/21,2297.11,2305.11,2290.12,2305.3,12417317600,1.13E+11,0.002229579
2013/5/20,2286.33,2299.99,2281.9,2309.39,13915051400,1.29E+11,0.00749758
2013/5/17,2249.81,2282.87,2248.41,2288.09,12612600600,1.11E+11,0.013795149
2013/5/16,2221.34,2251.81,2210.77,2252.87,11028437600,1.02E+11,0.012139984
2013/5/15,2217.09,2224.8,2213.58,2225.19,7172289300,66658263971,0.003512388
2013/5/14,2238.9,2217.01,2205.87,2239.93,8324497500,75660470722,-0.011111012
2013/5/13,2247.68,2241.92,2231.36,2250.85,8621122400,79191481239,-0.002185745
2013/5/10,2228.82,2246.83,2225.81,2247.67,9033547600,81280141888,0.006206977
2013/5/9,2246.96,2232.97,2221.38,2247.86,9853163700,91165292599,-0.005933758
2013/5/8,2242.39,2246.3,2235.42,2255.21,9037193300,81390848352,0.004797423
2013/5/7,2227.86,2235.58,2219.44,2240.26,8645235600,79040924815,0.001976097
2013/5/6,2212.5,2231.17,2212.5,2236.07,9226814600,81625607393,0.011638647
2013/5/3,2179.05,2205.5,2179.05,2222.81,8858346400,78315703425,0.014430646
2013/5/2,2170.78,2174.12,2161.14,2179.65,6833793600,59877609929,-0.00173974
2013/4/26,2203.89,2177.91,2173.86,2210.58,7667397000,65251506871,-0.009728064
2013/4/25,2213.19,2199.31,2191.85,2224.63,9670418800,84483236302,-0.008570007
2013/4/24,2187.35,2218.32,2184.11,2226.12,9160026100,78977211750,0.015463224
2013/4/23,2242.62,2184.54,2182.81,2242.62,9654131500,82217516673,-0.025703236
2013/4/22,2236.4,2242.17,2232.26,2245.12,9523373000,82244998209,-0.00110218
2013/4/19,2201.12,2244.64,2200.58,2250.11,10966055600,95383012019,0.021405605
2013/4/18,2181.82,2197.6,2175.44,2206.03,7161692700,61888122713,0.001734892
2013/4/17,2195.03,2193.8,2178.47,2197.51,6831418100,59986556162,-0.000478393
2013/4/16,2169.63,2194.85,2165.78,2196.43,7999217800,66955845024,0.005913998
2013/4/15,2199.91,2181.94,2177.39,2204.99,7163232300,58162177672,-0.011255313
2013/4/12,2218.1,2206.78,2204.44,2226.26,6684634000,56196878022,-0.005754762
2013/4/11,2236.98,2219.55,2217.27,2242.48,7363270400,62132700158,-0.002952663
2013/4/10,2224.93,2226.13,2212.56,2233.04,8061962100,71090219578,0.000157698
2013/4/9,2215.47,2225.78,2215.47,2234.73,8289654400,73135035445,0.006413027
2013/4/8,2196.24,2211.59,2180.67,2212.59,8625747000,73666169988,-0.006157835
2013/4/3,2232.69,2225.3,2217.25,2241.34,8179526700,68801356871,-0.001097525
2013/4/2,2234.9,2227.74,2220.44,2253.42,8971432300,77596667316,-0.002978435
2013/4/1,2229.46,2234.4,2227.31,2243.95,7741177400,66997534038,-0.000995251
2013/3/29,2238.49,2236.62,2228.81,2246.87,8556547300,73358185133,0.000142646
2013/3/28,2273.55,2236.3,2232.91,2273.55,12765869800,1.08E+11,-0.028226723
2013/3/27,2299.38,2301.26,2289,2323.48,9633119500,85708419365,0.001562453
2013/3/26,2318.58,2297.67,2281.12,2319.99,10444901500,91811327564,-0.012483695
2013/3/25,2334.74,2326.72,2319.91,2344.89,9703152600,85418622369,-0.000671312
2013/3/22,2321.4,2328.28,2314.97,2332,10116729900,85951321520,0.00173648
2013/3/21,2318.21,2324.24,2311.6,2330.81,11920091000,1.05E+11,0.002963699
2013/3/20,2257.74,2317.37,2257.42,2317.86,13124128400,1.14E+11,0.026552271
2013/3/19,2244.27,2257.43,2232.02,2261.31,8758210500,75512072273,0.007775837
2013/3/18,2267.29,2240.02,2239.21,2276.05,9312277200,81486175707,-0.016847342
2013/3/15,2269.32,2278.4,2250.01,2312.08,11647781300,1.02E+11,0.003578418
2013/3/14,2255.78,2270.28,2253.31,2276.22,8029408600,69218592825,0.0027867
2013/3/13,2282.17,2263.97,2253.25,2286.33,9097278800,77688955841,-0.00989983
2013/3/12,2309.16,2286.61,2264.83,2333.29,11766445600,1.01E+11,-0.01038175
2013/3/11,2314.68,2310.59,2296.58,2320.96,8411190300,73919947382,-0.003458105
2013/3/8,2326.42,2318.61,2314.59,2333.67,9879414800,88438607018,-0.002444614
2013/3/7,2340.44,2324.29,2304.27,2352.02,13975634800,1.26E+11,-0.009750428
2013/3/6,2333.62,2347.18,2321.6,2351.44,14133369200,1.25E+11,0.008972594
2013/3/5,2274.81,2326.31,2270.1,2328.14,13113659800,1.17E+11,0.023269951
2013/3/4,2332.08,2273.4,2259.25,2333.54,16175002500,1.43E+11,-0.036491537
2013/3/1,2364.54,2359.51,2330.86,2369.65,12031275200,1.12E+11,-0.002573139
2013/2/28,2322.32,2365.59,2308.92,2366.16,12695049400,1.16E+11,0.022640735
2013/2/27,2297.77,2313.22,2292.03,2324.63,9782488700,88262924234,0.00866814
2013/2/26,2313.74,2293.34,2289.89,2340.71,11763866700,1.06E+11,-0.013964113
2013/2/25,2320.62,2325.82,2315.01,2338.78,8836737400,77642340941,0.005036376
2013/2/22,2322.94,2314.16,2308.76,2330.88,9698182800,87579820983,-0.005067605
2013/2/21,2378.82,2325.95,2309.17,2378.82,14405947800,1.27E+11,-0.029712854
2013/2/20,2383.49,2397.18,2370.61,2397.94,11028057700,97222298954,0.005985948
2013/2/19,2420.27,2382.91,2373.54,2427.08,12347333400,1.06E+11,-0.015958321
2013/2/18,2441.91,2421.56,2415.43,2444.8,11617499400,1.04E+11,-0.004458145
2013/2/8,2416.62,2432.4,2414.4,2443.03,10907038600,98965224617,0.005735715
2013/2/7,2430.69,2418.53,2394.22,2433.89,12000863400,1.09E+11,-0.006550483
2013/2/6,2432.68,2434.48,2427.7,2441.73,11657996600,1.05E+11,0.000553608
2013/2/5,2411,2433.13,2403.3,2437.42,15075450500,1.27E+11,0.002049293
2013/2/4,2425.92,2428.15,2417.59,2440.38,16755140200,1.53E+11,0.003775909
2013/2/1,2377.41,2419.02,2369.57,2421.15,14081817200,1.26E+11,0.01408472
2013/1/31,2383.43,2385.42,2371.23,2391.82,13970789200,1.16E+11,0.001236949
2013/1/30,2360.75,2382.48,2347.89,2383.76,14987890700,1.25E+11,0.009961098
2013/1/29,2347.22,2358.98,2337.35,2363.8,14185393400,1.25E+11,0.005315139
2013/1/28,2295.35,2346.51,2295.35,2346.92,12838376000,1.17E+11,0.024091522
2013/1/25,2300,2291.3,2288.26,2308.38,9260574100,80267388572,-0.004904894
2013/1/24,2320.26,2302.6,2287.3,2362.94,16103167400,1.36E+11,-0.007890436
2013/1/23,2308.52,2320.91,2296.49,2325.12,11817972200,96956218661,0.002493155
2013/1/22,2326.49,2315.14,2301.3,2335.81,14946658400,1.23E+11,-0.005618882
2013/1/21,2321.49,2328.22,2305.1,2329.58,13468045800,1.13E+11,0.004812543
2013/1/18,2295.81,2317.07,2285.97,2324.51,12543802600,1.05E+11,0.014075396
2013/1/17,2305.14,2284.91,2275.88,2305.6,11910183500,1.03E+11,-0.010647331
2013/1/16,2322.16,2309.5,2279.51,2326.76,15351116700,1.33E+11,-0.006958389
2013/1/15,2312.47,2325.68,2309.32,2332.78,16564598100,1.41E+11,0.006030955
2013/1/14,2236.29,2311.74,2235.11,2317.62,14474988900,1.24E+11,0.030647834
2013/1/11,2285.19,2243,2234.95,2290.21,12506827500,1.02E+11,-0.017805206
2013/1/10,2274.38,2283.66,2268.65,2295.48,12006667600,98236402918,0.003655717
2013/1/9,2271.3,2275.34,2259.05,2283.9,12201492400,1.03E+11,-0.000320728
2013/1/8,2284.65,2276.07,2262.98,2289.14,12290787700,1.06E+11,-0.004066748
2013/1/7,2271.66,2285.36,2266.86,2293.32,11816281300,96872865891,0.003676781
2013/1/4,2289.51,2276.99,2256.56,2296.11,13946993100,1.15E+11,0.003465648
