date,high,low,close,change,最近N1个交易日的最高点,最近N2个交易日的最低点,当天的仓位,资金指数
2013-01-04,2296.11,2256.56,2276.99,0.00346564847818,2296.11,2256.56,,
2013-01-07,2293.32,2266.86,2285.36,0.00367678059475,2296.11,2256.56,,
2013-01-08,2289.14,2262.98,2276.07,-0.00406674822917,2296.11,2256.56,,
2013-01-09,2283.9,2259.05,2275.34,-0.000320728272856,2296.11,2256.56,,
2013-01-10,2295.48,2268.65,2283.66,0.00365571738729,2296.11,2256.56,,
2013-01-11,2290.21,2234.95,2243.0,-0.017805205508,2296.11,2234.95,,
2013-01-14,2317.62,2235.11,2311.74,0.0306478341255,2317.62,2234.95,0.0,2269.12600691
2013-01-15,2332.78,2309.32,2325.68,0.0060309550382,2332.78,2234.95,1.0,2282.81100383
2013-01-16,2326.76,2279.51,2309.5,-0.00695838898009,2332.78,2234.95,1.0,2266.9263169
2013-01-17,2305.6,2275.88,2284.91,-0.0106473308713,2332.78,2234.95,1.0,2242.78960234
2013-01-18,2324.51,2285.97,2317.07,0.0140753964381,2332.78,2234.95,1.0,2274.35775512
2013-01-21,2329.58,2305.1,2328.22,0.00481254342769,2332.78,2234.95,1.0,2285.30320059
2013-01-22,2335.81,2301.3,2315.14,-0.00561888239991,2335.81,2234.95,1.0,2272.46235066
2013-01-23,2325.12,2296.49,2320.91,0.00249315483865,2335.81,2234.95,1.0,2278.12795116
2013-01-24,2362.94,2287.3,2302.6,-0.00789043612616,2362.94,2234.95,1.0,2260.15252808
2013-01-25,2308.38,2288.26,2291.3,-0.00490489438452,2362.94,2234.95,1.0,2249.06671863
2013-01-28,2346.92,2295.35,2346.51,0.0240915216837,2362.94,2234.95,1.0,2303.25015825
2013-01-29,2363.8,2337.35,2358.98,0.00531513889806,2363.8,2234.95,1.0,2315.49225276
2013-01-30,2383.76,2347.89,2382.48,0.00996109754355,2383.76,2234.95,1.0,2338.55709695
2013-01-31,2391.82,2371.23,2385.42,0.00123694897113,2391.82,2234.95,1.0,2341.44977275
2013-02-01,2421.15,2369.57,2419.02,0.014084719601,2421.15,2234.95,1.0,2374.42843626
2013-02-04,2440.38,2417.59,2428.15,0.00377590925251,2440.38,2234.95,1.0,2383.39406256
2013-02-05,2437.42,2403.3,2433.13,0.00204929341385,2440.38,2234.95,1.0,2388.27833631
2013-02-06,2441.73,2427.7,2434.48,0.000553607904222,2441.73,2234.95,1.0,2389.60050608
2013-02-07,2433.89,2394.22,2418.53,-0.00655048291687,2441.73,2234.95,1.0,2373.94746878
2013-02-08,2443.03,2414.4,2432.4,0.0057357154966,2443.03,2235.11,1.0,2387.56375607
2013-02-18,2444.8,2415.43,2421.56,-0.00445814466523,2444.8,2275.88,1.0,2376.91965145
2013-02-19,2427.08,2373.54,2382.91,-0.0159583210479,2444.8,2275.88,1.0,2338.98800454
2013-02-20,2397.94,2370.61,2397.18,0.00598594829692,2444.8,2275.88,1.0,2352.98906581
2013-02-21,2378.82,2309.17,2325.95,-0.0297128540309,2444.8,2285.97,1.0,2283.07504516
2013-02-22,2330.88,2308.76,2314.16,-0.0050676046056,2444.8,2287.3,1.0,2271.50532354
2013-02-25,2338.78,2315.01,2325.82,0.00503637598718,2444.8,2287.3,1.0,2282.94547841
2013-02-26,2340.71,2289.89,2293.34,-0.0139641132865,2444.8,2287.3,1.0,2251.06616912
2013-02-27,2324.63,2292.03,2313.22,0.00866813962686,2444.8,2287.3,1.0,2270.57872499
2013-02-28,2366.16,2308.92,2365.59,0.0226407345605,2444.8,2288.26,1.0,2321.9862952
2013-03-01,2369.65,2330.86,2359.51,-0.00257313916637,2444.8,2289.89,1.0,2316.01150132
2013-03-04,2333.54,2259.25,2273.4,-0.0364915367878,2444.8,2259.25,1.0,2231.49668242
2013-03-05,2328.14,2270.1,2326.31,0.0232699511393,2444.8,2259.25,0.0,2231.49668242
2013-03-06,2351.44,2321.6,2347.18,0.00897259431906,2444.8,2259.25,0.0,2231.49668242
2013-03-07,2352.02,2304.27,2324.29,-0.00975042806705,2444.8,2259.25,0.0,2231.49668242
2013-03-08,2333.67,2314.59,2318.61,-0.00244461434079,2444.8,2259.25,0.0,2231.49668242
2013-03-11,2320.96,2296.58,2310.59,-0.003458104874,2444.8,2259.25,0.0,2231.49668242
2013-03-12,2333.29,2264.83,2286.61,-0.0103817504857,2444.8,2259.25,0.0,2231.49668242
2013-03-13,2286.33,2253.25,2263.97,-0.00989982966013,2444.8,2253.25,0.0,2231.49668242
2013-03-14,2276.22,2253.31,2270.28,0.00278670016537,2444.8,2253.25,0.0,2231.49668242
2013-03-15,2312.08,2250.01,2278.4,0.00357841796398,2444.8,2250.01,0.0,2231.49668242
2013-03-18,2276.05,2239.21,2240.02,-0.0168473416225,2427.08,2239.21,0.0,2231.49668242
2013-03-19,2261.31,2232.02,2257.43,0.00777583731545,2397.94,2232.02,0.0,2231.49668242
2013-03-20,2317.86,2257.42,2317.37,0.0265522712956,2378.82,2232.02,0.0,2231.49668242
2013-03-21,2330.81,2311.6,2324.24,0.00296369942875,2369.65,2232.02,0.0,2231.49668242
2013-03-22,2332.0,2314.97,2328.28,0.00173648010835,2369.65,2232.02,0.0,2231.49668242
2013-03-25,2344.89,2319.91,2326.72,-0.000671311587362,2369.65,2232.02,0.0,2231.49668242
2013-03-26,2319.99,2281.12,2297.67,-0.012483694823,2369.65,2232.02,0.0,2231.49668242
2013-03-27,2323.48,2289.0,2301.26,0.00156245307744,2369.65,2232.02,0.0,2231.49668242
2013-03-28,2273.55,2232.91,2236.3,-0.0282267228504,2369.65,2232.02,0.0,2231.49668242
2013-03-29,2246.87,2228.81,2236.62,0.000142646207892,2352.02,2228.81,0.0,2231.49668242
2013-04-01,2243.95,2227.31,2234.4,-0.000995251318842,2352.02,2227.31,0.0,2231.49668242
2013-04-02,2253.42,2220.44,2227.74,-0.00297843487834,2352.02,2220.44,0.0,2231.49668242
2013-04-03,2241.34,2217.25,2225.3,-0.00109752484581,2352.02,2217.25,0.0,2231.49668242
2013-04-08,2212.59,2180.67,2211.59,-0.0061578352533,2344.89,2180.67,0.0,2231.49668242
2013-04-09,2234.73,2215.47,2225.78,0.00641302735767,2344.89,2180.67,0.0,2231.49668242
2013-04-10,2233.04,2212.56,2226.13,0.000157697880514,2344.89,2180.67,0.0,2231.49668242
2013-04-11,2242.48,2217.27,2219.55,-0.00295266305681,2344.89,2180.67,0.0,2231.49668242
2013-04-12,2226.26,2204.44,2206.78,-0.00575476233278,2344.89,2180.67,0.0,2231.49668242
2013-04-15,2204.99,2177.39,2181.94,-0.0112553131712,2344.89,2177.39,0.0,2231.49668242
2013-04-16,2196.43,2165.78,2194.85,0.00591399771396,2344.89,2165.78,0.0,2231.49668242
2013-04-17,2197.51,2178.47,2193.8,-0.000478393472708,2344.89,2165.78,0.0,2231.49668242
2013-04-18,2206.03,2175.44,2197.6,0.00173489239656,2344.89,2165.78,0.0,2231.49668242
2013-04-19,2250.11,2200.58,2244.64,0.0214056048365,2344.89,2165.78,0.0,2231.49668242
2013-04-22,2245.12,2232.26,2242.17,-0.00110217972301,2344.89,2165.78,0.0,2231.49668242
2013-04-23,2242.62,2182.81,2184.54,-0.0257032364643,2344.89,2165.78,0.0,2231.49668242
2013-04-24,2226.12,2184.11,2218.32,0.0154632238029,2323.48,2165.78,0.0,2231.49668242
2013-04-25,2224.63,2191.85,2199.31,-0.00857000664467,2323.48,2165.78,0.0,2231.49668242
2013-04-26,2210.58,2173.86,2177.91,-0.00972806434027,2273.55,2165.78,0.0,2231.49668242
2013-05-02,2179.65,2161.14,2174.12,-0.001739739714,2253.42,2161.14,0.0,2231.49668242
2013-05-03,2222.81,2179.05,2205.5,0.0144306462882,2253.42,2161.14,0.0,2231.49668242
2013-05-06,2236.07,2212.5,2231.17,0.0116386465273,2253.42,2161.14,0.0,2231.49668242
2013-05-07,2240.26,2219.44,2235.58,0.0019760968032,2250.11,2161.14,0.0,2231.49668242
2013-05-08,2255.21,2235.42,2246.3,0.00479742348166,2255.21,2161.14,0.0,2231.49668242
2013-05-09,2247.86,2221.38,2232.97,-0.00593375773494,2255.21,2161.14,0.0,2231.49668242
2013-05-10,2247.67,2225.81,2246.83,0.00620697716182,2255.21,2161.14,0.0,2231.49668242
2013-05-13,2250.85,2231.36,2241.92,-0.0021857451673,2255.21,2161.14,0.0,2231.49668242
2013-05-14,2239.93,2205.87,2217.01,-0.0111110119897,2255.21,2161.14,0.0,2231.49668242
2013-05-15,2225.19,2213.58,2224.8,0.00351238830677,2255.21,2161.14,0.0,2231.49668242
2013-05-16,2252.87,2210.77,2251.81,0.0121399840075,2255.21,2161.14,0.0,2231.49668242
2013-05-17,2288.09,2248.41,2282.87,0.0137951493157,2288.09,2161.14,0.0,2231.49668242
2013-05-20,2309.39,2281.9,2299.99,0.00749757980087,2309.39,2161.14,1.0,2248.22750687
2013-05-21,2305.3,2290.12,2305.11,0.00222957878874,2309.39,2161.14,1.0,2253.24010723
2013-05-22,2314.18,2292.43,2302.4,-0.00117608066239,2314.18,2161.14,1.0,2250.59011511
2013-05-23,2304.95,2274.1,2275.67,-0.0116122155852,2314.18,2161.14,1.0,2224.4557775
2013-05-24,2292.6,2270.25,2288.53,0.00565372701718,2314.18,2161.14,1.0,2237.03224323
2013-05-27,2301.7,2283.94,2293.08,0.00198555144278,2314.18,2161.14,1.0,2241.47398583
2013-05-28,2322.1,2281.47,2321.32,0.0123157661082,2322.1,2161.14,1.0,2269.07945517
2013-05-29,2334.34,2321.17,2324.02,0.00116270153422,2334.34,2161.14,1.0,2271.71771734
2013-05-30,2325.72,2310.49,2317.75,-0.00269705428145,2334.34,2179.05,1.0,2265.59077134
2013-05-31,2325.53,2299.37,2300.6,-0.00740114654348,2334.34,2205.87,1.0,2248.82280204
2013-06-03,2313.43,2294.11,2299.25,-0.00058376202678,2334.34,2205.87,1.0,2247.51002468
2013-06-04,2297.1,2264.76,2272.42,-0.0116716219014,2334.34,2205.87,1.0,2221.27793745
2013-06-05,2276.87,2260.87,2270.93,-0.000653489501922,2334.34,2205.87,1.0,2219.82635564
2013-06-06,2266.69,2240.07,2242.11,-0.0126912706727,2334.34,2205.87,1.0,2191.65393851
2013-06-07,2250.63,2205.07,2210.9,-0.0139208156602,2334.34,2205.07,1.0,2161.14432804
2013-06-13,2190.1,2126.22,2148.36,-0.0282885053946,2334.34,2126.22,1.0,2100.00878506
2013-06-14,2163.85,2142.78,2162.04,0.00637045553458,2334.34,2126.22,0.0,2100.00878506
2013-06-17,2169.36,2147.03,2156.22,-0.00269467600291,2334.34,2126.22,0.0,2100.00878506
2013-06-18,2161.68,2138.35,2159.29,0.00142657388062,2334.34,2126.22,0.0,2100.00878506
2013-06-19,2150.82,2115.79,2143.45,-0.00733435187754,2334.34,2115.79,0.0,2100.00878506
2013-06-20,2132.81,2082.83,2084.02,-0.0277276769177,2334.34,2082.83,0.0,2100.00878506
2013-06-21,2085.86,2042.88,2073.1,-0.00524274947325,2334.34,2042.88,0.0,2100.00878506
2013-06-24,2068.86,1958.4,1963.24,-0.0529932299292,2334.34,1958.4,0.0,2100.00878506
2013-06-25,1963.57,1849.65,1959.51,-0.00189839728815,2334.34,1849.65,0.0,2100.00878506
2013-06-26,1959.16,1922.82,1951.5,-0.00408929180182,2334.34,1849.65,0.0,2100.00878506
2013-06-27,1980.54,1942.37,1950.01,-0.000759417779702,2334.34,1849.65,0.0,2100.00878506
2013-06-28,1987.98,1925.65,1979.21,0.0149706694263,2334.34,1849.65,0.0,2100.00878506
2013-07-01,1995.92,1957.57,1995.24,0.00810223897866,2325.72,1849.65,0.0,2100.00878506
2013-07-02,2007.62,1978.43,2006.56,0.00567249486528,2325.53,1849.65,0.0,2100.00878506
2013-07-03,1996.54,1965.52,1994.27,-0.00612590702496,2313.43,1849.65,0.0,2100.00878506
2013-07-04,2022.14,1974.1,2006.1,0.0059320011152,2297.1,1849.65,0.0,2100.00878506
2013-07-05,2021.54,2002.37,2007.2,0.000548826627612,2276.87,1849.65,0.0,2100.00878506
2013-07-08,1983.22,1953.12,1958.27,-0.0243752612471,2266.69,1849.65,0.0,2100.00878506
2013-07-09,1969.15,1946.37,1965.45,0.00366700659203,2250.63,1849.65,0.0,2100.00878506
2013-07-10,2009.36,1960.28,2008.13,0.0217110143509,2190.1,1849.65,0.0,2100.00878506
2013-07-11,2092.87,2010.4,2072.99,0.0323012599807,2169.36,1849.65,0.0,2100.00878506
2013-07-12,2074.86,2036.05,2039.49,-0.0161626364996,2169.36,1849.65,0.0,2100.00878506
2013-07-15,2076.67,2037.25,2059.39,0.00975932171145,2161.68,1849.65,0.0,2100.00878506
2013-07-16,2066.36,2038.54,2065.72,0.0030737257149,2150.82,1849.65,0.0,2100.00878506
2013-07-17,2075.81,2043.23,2044.92,-0.0100681602541,2132.81,1849.65,0.0,2100.00878506
2013-07-18,2043.37,2016.9,2023.4,-0.0105265628713,2092.87,1849.65,0.0,2100.00878506
2013-07-19,2035.22,1990.25,1992.65,-0.0151962344494,2092.87,1849.65,0.0,2100.00878506
2013-07-22,2005.47,1970.64,2004.76,0.00607934768208,2092.87,1849.65,0.0,2100.00878506
2013-07-23,2051.53,2005.09,2043.88,0.0195105453914,2092.87,1922.82,0.0,2100.00878506
2013-07-24,2042.77,2010.42,2033.33,-0.0051602934816,2092.87,1925.65,0.0,2100.00878506
2013-07-25,2045.37,2016.43,2021.17,-0.00597788159221,2092.87,1925.65,0.0,2100.00878506
2013-07-26,2021.57,2000.8,2010.85,-0.00510792242528,2092.87,1946.37,0.0,2100.00878506
2013-07-29,1997.84,1969.85,1976.31,-0.017178804983,2092.87,1946.37,0.0,2100.00878506
2013-07-30,2006.23,1965.36,1990.06,0.00696147256548,2092.87,1946.37,0.0,2100.00878506
2013-07-31,2015.47,1987.88,1993.8,0.00187682406194,2092.87,1946.37,0.0,2100.00878506
2013-08-01,2029.93,1997.06,2029.07,0.0176888442616,2092.87,1946.37,0.0,2100.00878506
2013-08-02,2047.08,2025.65,2029.42,0.000172985909287,2092.87,1946.37,0.0,2100.00878506
2013-08-05,2050.91,2025.23,2050.48,0.0103788376766,2092.87,1946.37,0.0,2100.00878506
2013-08-06,2066.74,2034.96,2060.5,0.0048861706107,2092.87,1960.28,0.0,2100.00878506
2013-08-07,2069.56,2043.75,2046.78,-0.00665954865324,2092.87,1965.36,0.0,2100.00878506
2013-08-08,2058.56,2037.25,2044.9,-0.000919982528638,2076.67,1965.36,0.0,2100.00878506
2013-08-09,2061.71,2030.13,2052.24,0.00358942635196,2076.67,1965.36,0.0,2100.00878506
2013-08-12,2102.35,2055.72,2101.28,0.0238997970505,2102.35,1965.36,0.0,2100.00878506
2013-08-13,2106.4,2093.8,2106.16,0.00231905935564,2106.4,1965.36,1.0,2104.87883008
2013-08-14,2122.97,2093.04,2100.14,-0.00285781300151,2122.97,1965.36,1.0,2098.86347999
2013-08-15,2108.41,2079.97,2081.88,-0.00869324239323,2122.97,1965.36,1.0,2080.61755101
2013-08-16,2198.85,2061.65,2068.45,-0.00644993947778,2198.85,1965.36,1.0,2067.19769373
2013-08-19,2091.13,2052.7,2085.6,0.0082912245486,2198.85,1965.36,1.0,2084.337294
2013-08-20,2098.98,2066.07,2072.6,-0.00623656862623,2198.85,1965.36,1.0,2071.33818142
2013-08-21,2076.32,2056.91,2072.96,0.000176590216613,2198.85,1965.36,1.0,2071.70395948
2013-08-22,2083.33,2062.37,2067.12,-0.0028157789751,2198.85,1965.36,1.0,2065.87049903
2013-08-23,2079.85,2029.37,2057.46,-0.00467606200692,2198.85,1965.36,1.0,2056.21036048
2013-08-26,2097.34,2056.13,2096.47,0.0189632060533,2198.85,1965.36,1.0,2095.20270123
2013-08-27,2105.38,2090.43,2103.57,0.00338329976904,2198.85,1987.88,1.0,2102.29140005
2013-08-28,2113.82,2080.86,2101.3,-0.00107721788752,2198.85,1997.06,1.0,2100.02677415
2013-08-29,2110.89,2088.24,2097.23,-0.00193879886794,2198.85,2025.23,1.0,2095.95524461
2013-08-30,2114.39,2089.1,2098.38,0.000550727222184,2198.85,2025.23,1.0,2097.10954422
2013-09-02,2108.68,2078.46,2098.45,3.1452805066e-05,2198.85,2029.37,1.0,2097.1755042
2013-09-03,2123.85,2095.46,2123.11,0.0117534482627,2198.85,2029.37,1.0,2121.82454799
2013-09-04,2133.0,2115.75,2127.62,0.00212235623933,2198.85,2029.37,1.0,2126.32781556
2013-09-05,2127.86,2115.24,2122.43,-0.00243840764649,2198.85,2029.37,1.0,2121.14296155
2013-09-06,2143.24,2119.02,2139.99,0.00827494899714,2198.85,2029.37,1.0,2138.69531137
2013-09-09,2218.53,2151.35,2212.52,0.0338893631895,2218.53,2029.37,1.0,2211.17433353
2013-09-10,2238.55,2202.82,2237.98,0.0115108772095,2238.55,2029.37,1.0,2236.62688977
2013-09-11,2258.08,2233.0,2241.27,0.00146739208144,2258.08,2029.37,1.0,2239.90889836
2013-09-12,2270.27,2226.29,2255.61,0.0063968253685,2270.27,2029.37,1.0,2254.23720443
2013-09-13,2259.42,2228.48,2236.22,-0.00859547660162,2270.27,2029.37,1.0,2234.86096128
2013-09-16,2248.47,2226.17,2231.4,-0.00215363714702,2270.27,2029.37,1.0,2230.0478817
2013-09-17,2230.93,2184.92,2185.56,-0.0205435957051,2270.27,2029.37,1.0,2184.23467961
2013-09-18,2195.9,2172.04,2191.85,0.00287843847801,2270.27,2029.37,1.0,2190.52186476
2013-09-23,2223.07,2198.34,2221.04,0.0133188797961,2270.27,2029.37,1.0,2219.69716217
2013-09-24,2219.54,2187.24,2207.53,-0.00608407577698,2270.27,2056.13,1.0,2206.19235643
2013-09-25,2217.97,2193.72,2198.52,-0.00408420085607,2270.27,2078.46,1.0,2197.18182372
2013-09-26,2192.23,2154.72,2155.81,-0.0194249300096,2270.27,2078.46,1.0,2154.50172057
2013-09-27,2165.78,2149.59,2160.03,0.00195657407498,2270.27,2078.46,1.0,2158.71716278
2013-09-30,2176.3,2165.16,2174.67,0.00677676714226,2270.27,2078.46,1.0,2173.34628632
2013-10-08,2200.02,2161.49,2198.2,0.0108218967059,2270.27,2078.46,1.0,2196.86601534
2013-10-09,2212.35,2185.18,2211.77,0.0061732354532,2270.27,2095.46,1.0,2210.42778651
2013-10-10,2214.59,2186.48,2190.93,-0.00942232213219,2270.27,2115.24,1.0,2189.60042386
2013-10-11,2228.87,2200.53,2228.15,0.0169868580862,2270.27,2115.24,1.0,2226.79485552
2013-10-14,2242.98,2226.4,2237.77,0.00432063248997,2270.27,2119.02,1.0,2236.41601772
2013-10-15,2240.25,2221.14,2233.41,-0.00194881250243,2270.27,2149.59,1.0,2232.05766223
2013-10-16,2228.11,2183.4,2193.07,-0.0180611548608,2270.27,2149.59,1.0,2191.74412313
2013-10-17,2211.03,2183.25,2188.54,-0.00206650573578,2270.27,2149.59,1.0,2187.21487133
2013-10-18,2203.29,2184.36,2193.78,0.002393374219,2270.27,2149.59,1.0,2192.44969501
2013-10-21,2230.29,2190.39,2229.24,0.0161625140169,2259.42,2149.59,1.0,2227.88519394
2013-10-22,2227.34,2204.24,2210.65,-0.00833693321975,2248.47,2149.59,1.0,2209.31146386
2013-10-23,2226.85,2177.73,2183.11,-0.0124601248862,2242.98,2149.59,1.0,2181.78316711
2013-10-24,2183.41,2159.87,2164.32,-0.00860470879348,2242.98,2149.59,1.0,2163.0095583
2013-10-25,2170.61,2122.68,2132.96,-0.0144927603194,2242.98,2122.68,1.0,2131.66157921
2013-10-28,2140.96,2123.07,2133.87,0.00042851349419,2242.98,2122.68,0.0,2131.66157921
2013-10-29,2163.66,2093.2,2128.86,-0.0023455048084,2242.98,2093.2,0.0,2131.66157921
2013-10-30,2161.94,2121.84,2160.46,0.0148431276023,2242.98,2093.2,0.0,2131.66157921
2013-10-31,2155.51,2137.47,2141.61,-0.00872451877213,2242.98,2093.2,0.0,2131.66157921
2013-11-01,2157.31,2132.63,2149.56,0.0037112196689,2242.98,2093.2,0.0,2131.66157921
2013-11-04,2160.58,2143.21,2149.63,3.3495195765e-05,2242.98,2093.2,0.0,2131.66157921
2013-11-05,2158.15,2124.85,2157.24,0.00353827674851,2242.98,2093.2,0.0,2131.66157921
2013-11-06,2166.17,2138.78,2139.61,-0.00817387031577,2242.98,2093.2,0.0,2131.66157921
2013-11-07,2141.6,2119.19,2129.4,-0.00477050224644,2242.98,2093.2,0.0,2131.66157921
2013-11-08,2128.58,2103.51,2106.13,-0.0109293697755,2242.98,2093.2,0.0,2131.66157921
2013-11-11,2117.28,2093.63,2109.47,0.00158774850709,2240.25,2093.2,0.0,2131.66157921
2013-11-12,2127.94,2108.4,2126.77,0.00820158229243,2230.29,2093.2,0.0,2131.66157921
2013-11-13,2117.91,2086.01,2087.94,-0.0182581865851,2230.29,2086.01,0.0,2131.66157921
2013-11-14,2102.38,2078.99,2100.51,0.00601789035226,2230.29,2078.99,0.0,2131.66157921
2013-11-15,2153.21,2100.79,2135.83,0.0168154720815,2230.29,2078.99,0.0,2131.66157921
2013-11-18,2198.32,2143.77,2197.22,0.0287439010744,2227.34,2078.99,0.0,2131.66157921
2013-11-19,2203.3,2186.11,2193.13,-0.00186326442653,2226.85,2078.99,0.0,2131.66157921
2013-11-20,2207.11,2186.64,2206.61,0.00615012824166,2207.11,2078.99,0.0,2131.66157921
2013-11-21,2206.53,2177.74,2205.77,-0.000383846193238,2207.11,2078.99,0.0,2131.66157921
2013-11-22,2211.07,2188.77,2196.38,-0.00425611782936,2211.07,2078.99,0.0,2131.66157921
2013-11-25,2209.15,2181.42,2186.12,-0.00467269295176,2211.07,2078.99,0.0,2131.66157921
2013-11-26,2192.58,2176.18,2183.07,-0.00139150959579,2211.07,2078.99,0.0,2131.66157921
2013-11-27,2207.62,2176.85,2201.07,0.00824388373637,2211.07,2078.99,0.0,2131.66157921
2013-11-28,2234.39,2202.62,2219.37,0.00831504677271,2234.39,2078.99,0.0,2131.66157921
2013-11-29,2224.94,2212.26,2220.5,0.000510054195511,2234.39,2078.99,1.0,2132.74884214
2013-12-02,2231.92,2172.63,2207.37,-0.00591442303189,2234.39,2078.99,1.0,2120.13486326
2013-12-03,2227.93,2193.25,2222.67,0.00693086934638,2234.39,2078.99,1.0,2134.829241
2013-12-04,2260.87,2215.92,2251.76,0.0130887626143,2260.87,2078.99,1.0,2162.77151416
2013-12-05,2255.26,2239.14,2247.06,-0.00208681024016,2260.87,2078.99,1.0,2158.25822041
2013-12-06,2248.15,2228.63,2237.11,-0.0044302273679,2260.87,2078.99,1.0,2148.69664578
2013-12-09,2249.17,2231.73,2238.2,0.000488130210969,2260.87,2078.99,1.0,2149.74548953
2013-12-10,2250.5,2231.68,2237.49,-0.000316325618801,2260.87,2078.99,1.0,2149.06546995
2013-12-11,2228.63,2193.16,2204.17,-0.0148943549295,2260.87,2078.99,1.0,2117.05652608
2013-12-12,2214.55,2194.9,2202.8,-0.00062155028251,2260.87,2100.79,1.0,2115.74066899
2013-12-13,2204.64,2183.84,2196.08,-0.00305112230093,2260.87,2143.77,1.0,2109.28528546
2013-12-16,2201.7,2159.99,2160.86,-0.0160349714832,2260.87,2159.99,1.0,2075.46295605
2013-12-17,2165.54,2146.31,2151.08,-0.00452689923137,2260.87,2146.31,1.0,2066.06754439
2013-12-18,2156.59,2142.62,2148.29,-0.00129888302568,2260.87,2142.62,0.0,2066.06754439
2013-12-19,2159.14,2126.25,2127.79,-0.00953923711239,2260.87,2126.25,0.0,2066.06754439
2013-12-20,2131.74,2082.86,2084.79,-0.0202078022664,2260.87,2082.86,0.0,2066.06754439
2013-12-23,2099.52,2068.54,2089.71,0.0023565877492,2260.87,2068.54,0.0,2066.06754439
2013-12-24,2111.81,2079.81,2092.91,0.00153035808369,2260.87,2068.54,0.0,2066.06754439
2013-12-25,2107.23,2088.3,2106.35,0.00642599640213,2260.87,2068.54,0.0,2066.06754439
2013-12-26,2102.66,2070.55,2073.1,-0.0157879444766,2260.87,2068.54,0.0,2066.06754439
2013-12-27,2110.36,2069.59,2101.25,0.0135796698566,2260.87,2068.54,0.0,2066.06754439
2013-12-30,2112.01,2095.06,2097.53,-0.00177132574833,2260.87,2068.54,0.0,2066.06754439
2013-12-31,2120.27,2087.42,2115.98,0.00879558756994,2260.87,2068.54,0.0,2066.06754439
2014-01-02,2113.11,2101.02,2109.39,-0.00311487170471,2255.26,2068.54,0.0,2066.06754439
2014-01-03,2102.17,2075.9,2083.14,-0.0124448477212,2250.5,2068.54,0.0,2066.06754439
2014-01-06,2078.68,2034.01,2045.71,-0.0179666618022,2250.5,2034.01,0.0,2066.06754439
2014-01-07,2052.28,2029.25,2047.32,0.000786035550511,2250.5,2029.25,0.0,2066.06754439
2014-01-08,2062.95,2037.11,2044.34,-0.00145409821733,2228.63,2029.25,0.0,2066.06754439
2014-01-09,2057.2,2026.45,2027.62,-0.00817770038252,2214.55,2026.45,0.0,2066.06754439
2014-01-10,2029.3,2008.01,2013.3,-0.00706443311426,2204.64,2008.01,0.0,2066.06754439
2014-01-13,2027.18,2000.4,2009.56,-0.0018546683104,2201.7,2000.4,0.0,2066.06754439
2014-01-14,2027.43,2001.14,2026.84,0.00859788491434,2165.54,2000.4,0.0,2066.06754439
2014-01-15,2027.41,2010.2,2023.35,-0.00172386402098,2159.14,2000.4,0.0,2066.06754439
2014-01-16,2034.71,2014.41,2023.7,0.000174463315258,2159.14,2000.4,0.0,2066.06754439
2014-01-17,2017.87,2001.33,2004.95,-0.00926619100351,2131.74,2000.4,0.0,2066.06754439
2014-01-20,2005.94,1984.82,1991.25,-0.00683109645183,2120.27,1984.82,0.0,2066.06754439
2014-01-21,2014.15,1992.02,2008.31,0.0085674698293,2120.27,1984.82,0.0,2066.06754439
2014-01-22,2052.34,2008.93,2051.75,0.0216281027907,2120.27,1984.82,0.0,2066.06754439
2014-01-23,2052.53,2039.05,2042.18,-0.00466382583835,2120.27,1984.82,0.0,2066.06754439
2014-01-24,2060.99,2034.45,2054.39,0.00597988424135,2120.27,1984.82,0.0,2066.06754439
2014-01-27,2044.85,2029.63,2033.3,-0.010266784528,2120.27,1984.82,0.0,2066.06754439
2014-01-28,2047.13,2026.99,2038.51,0.00256381252152,2120.27,1984.82,0.0,2066.06754439
2014-01-29,2051.58,2039.77,2049.91,0.00559280220435,2113.11,1984.82,0.0,2066.06754439
2014-01-30,2045.93,2031.47,2033.08,-0.00821058834663,2102.17,1984.82,0.0,2066.06754439
2014-02-07,2044.73,2014.7,2044.5,0.00561413380565,2078.68,1984.82,0.0,2066.06754439
2014-02-10,2087.98,2049.98,2086.07,0.0203326294927,2087.98,1984.82,0.0,2066.06754439
2014-02-11,2111.06,2082.52,2103.67,0.00843884688268,2111.06,1984.82,1.0,2083.50277205
2014-02-12,2110.9,2096.51,2109.96,0.00298715911376,2111.06,1984.82,1.0,2089.72652634
2014-02-13,2122.83,2096.97,2098.4,-0.00547594616947,2122.83,1984.82,1.0,2078.28329638
2014-02-14,2116.19,2095.09,2115.85,0.00831442607967,2122.83,1984.82,1.0,2095.56302922
2014-02-17,2136.45,2117.69,2135.42,0.00924782876653,2136.45,1984.82,1.0,2114.94243728
2014-02-18,2134.14,2113.13,2119.07,-0.00765612304868,2136.45,1984.82,1.0,2098.75017774
2014-02-19,2152.96,2111.17,2142.55,0.0110841285736,2152.96,1984.82,1.0,2122.01299455
2014-02-20,2177.98,2136.48,2138.78,-0.00176051572096,2177.98,1984.82,1.0,2118.27715732
2014-02-21,2132.7,2098.33,2113.69,-0.0117305082986,2177.98,1984.82,1.0,2093.42868954
2014-02-24,2099.72,2058.79,2076.69,-0.0175082190271,2177.98,1992.02,1.0,2056.77648153
2014-02-25,2087.62,2026.54,2034.22,-0.0204494083362,2177.98,2008.93,1.0,2014.7166194
2014-02-26,2041.63,2014.38,2041.25,0.00345832970786,2177.98,2014.38,1.0,2021.68417374
2014-02-27,2068.31,2036.39,2047.35,0.0029883591165,2177.98,2014.38,1.0,2027.72569207
2014-02-28,2058.49,2020.94,2056.3,0.00437051921651,2177.98,2014.38,1.0,2036.58790618
2014-03-03,2078.33,2047.07,2075.24,0.00920730515265,2177.98,2014.38,1.0,2055.3393925
2014-03-04,2074.03,2050.13,2071.47,-0.00181280674237,2177.98,2014.38,1.0,2051.61345939
2014-03-05,2074.82,2050.18,2053.08,-0.00887725787399,2177.98,2014.38,1.0,2033.40075765
2014-03-06,2065.79,2030.95,2059.58,0.00316304642187,2177.98,2014.38,1.0,2039.83249864
2014-03-07,2079.49,2050.47,2057.91,-0.000810845716938,2177.98,2014.38,1.0,2038.1785092
2014-03-10,2042.63,1995.55,1999.07,-0.0285936008801,2177.98,1995.55,1.0,1979.89964638
2014-03-11,2008.07,1985.6,2001.16,0.00104648923372,2177.98,1985.6,0.0,1979.89964638
2014-03-12,2011.06,1974.38,1997.69,-0.00173149832822,2177.98,1974.38,0.0,1979.89964638
2014-03-13,2029.12,1996.53,2019.11,0.0107218730415,2177.98,1974.38,0.0,1979.89964638
2014-03-14,2017.91,1990.98,2004.34,-0.00731609109157,2177.98,1974.38,0.0,1979.89964638
2014-03-17,2024.37,1999.25,2023.67,0.00964607284496,2177.98,1974.38,0.0,1979.89964638
2014-03-18,2034.92,2020.41,2025.2,0.000752591945438,2177.98,1974.38,0.0,1979.89964638
2014-03-19,2022.18,2002.44,2021.73,-0.00170946417038,2177.98,1974.38,0.0,1979.89964638
2014-03-20,2030.85,1993.0,1993.48,-0.0139756268629,2132.7,1974.38,0.0,1979.89964638
2014-03-21,2052.47,1986.07,2047.62,0.0271585504538,2099.72,1974.38,0.0,1979.89964638
2014-03-24,2074.06,2043.33,2066.28,0.00911302346775,2087.62,1974.38,0.0,1979.89964638
2014-03-25,2079.55,2057.49,2067.31,0.000499448525586,2079.55,1974.38,0.0,1979.89964638
2014-03-26,2074.57,2057.65,2063.67,-0.00176122508902,2079.55,1974.38,0.0,1979.89964638
2014-03-27,2073.98,2042.71,2046.59,-0.00827748622599,2079.55,1974.38,0.0,1979.89964638
2014-03-28,2060.13,2035.24,2041.71,-0.00238250199845,2079.55,1974.38,0.0,1979.89964638
2014-03-31,2048.13,2024.19,2033.31,-0.00411713307264,2079.55,1974.38,0.0,1979.89964638
2014-04-01,2050.68,2028.1,2047.46,0.00696107718169,2079.55,1974.38,0.0,1979.89964638
2014-04-02,2060.78,2046.74,2058.99,0.00563039082571,2079.55,1974.38,0.0,1979.89964638
2014-04-03,2066.01,2037.45,2043.7,-0.00742403549705,2079.55,1974.38,0.0,1979.89964638
2014-04-04,2060.1,2035.22,2058.83,0.00740274266992,2079.55,1974.38,0.0,1979.89964638
2014-04-08,2102.45,2052.9,2098.28,0.0191628161806,2102.45,1974.38,0.0,1979.89964638
2014-04-09,2108.75,2095.64,2105.24,0.00331366011465,2108.75,1974.38,1.0,1986.46036087
2014-04-10,2146.67,2098.08,2134.3,0.0138050965283,2146.67,1986.07,1.0,2013.88363791
2014-04-11,2138.65,2120.18,2130.54,-0.00176076465352,2146.67,1986.07,1.0,2010.33766278
2014-04-14,2134.43,2116.61,2131.54,0.000467956041233,2146.67,1986.07,1.0,2011.27841243
2014-04-15,2125.9,2098.15,2101.6,-0.0140452508727,2146.67,1986.07,1.0,1983.02950256
2014-04-16,2112.05,2092.16,2105.12,0.00167538938171,2146.67,1986.07,1.0,1986.35184913
2014-04-17,2110.72,2095.71,2098.89,-0.00296277365397,2146.67,1986.07,1.0,1980.4667382
2014-04-18,2099.64,2081.19,2097.75,-0.000541716196933,2146.67,1986.07,1.0,1979.39388729
2014-04-21,2103.08,2065.23,2065.83,-0.0152172710926,2146.67,2024.19,1.0,1949.27291391
2014-04-22,2073.66,2047.33,2072.83,0.0033908954578,2146.67,2024.19,1.0,1955.88269458
2014-04-23,2076.35,2059.11,2067.38,-0.00262877195488,2146.67,2024.19,1.0,1950.74112501
2014-04-24,2075.76,2056.19,2057.03,-0.00500584797585,2146.67,2024.19,1.0,1940.97601149
2014-04-25,2065.64,2035.57,2036.52,-0.00997261589872,2146.67,2024.19,1.0,1921.61940326
2014-04-28,2035.99,2000.14,2003.49,-0.0162198339421,2146.67,2000.14,1.0,1890.45105564
2014-04-29,2021.68,1997.64,2020.34,0.00841233309724,2146.67,1997.64,0.0,1890.45105564
2014-04-30,2029.54,2016.58,2026.36,0.00297821011403,2146.67,1997.64,0.0,1890.45105564
2014-05-05,2028.96,2007.35,2027.35,0.000491028732337,2146.67,1997.64,0.0,1890.45105564
2014-05-06,2038.71,2021.49,2028.04,0.000337878997885,2146.67,1997.64,0.0,1890.45105564
2014-05-07,2024.63,2008.45,2010.08,-0.00885338440404,2146.67,1997.64,0.0,1890.45105564
2014-05-08,2036.94,2005.69,2015.27,0.00258248042494,2146.67,1997.64,0.0,1890.45105564
2014-05-09,2020.45,2001.3,2011.14,-0.00205381501473,2146.67,1997.64,0.0,1890.45105564
2014-05-12,2055.51,2016.64,2052.87,0.0207524606752,2138.65,1997.64,0.0,1890.45105564
2014-05-13,2061.06,2043.55,2050.73,-0.00104390387901,2134.43,1997.64,0.0,1890.45105564
2014-05-14,2056.57,2042.74,2047.91,-0.00137414615688,2125.9,1997.64,0.0,1890.45105564
2014-05-15,2047.32,2022.86,2024.97,-0.0111997109248,2112.05,1997.64,0.0,1890.45105564
2014-05-16,2027.76,2012.69,2026.5,0.00075556525664,2110.72,1997.64,0.0,1890.45105564
2014-05-19,2023.27,1996.02,2005.18,-0.0105210747178,2103.08,1996.02,0.0,1890.45105564
2014-05-20,2018.16,2002.76,2008.12,0.00146420551142,2103.08,1996.02,0.0,1890.45105564
2014-05-21,2025.19,1991.06,2024.95,0.00838197337907,2076.35,1991.06,0.0,1890.45105564
2014-05-22,2041.96,2018.88,2021.29,-0.00181041417792,2076.35,1991.06,0.0,1890.45105564
2014-05-23,2034.57,2017.74,2034.57,0.00657205688461,2075.76,1991.06,0.0,1890.45105564
2014-05-26,2045.38,2035.09,2041.48,0.00339482219576,2065.64,1991.06,0.0,1890.45105564
2014-05-27,2044.15,2032.84,2034.57,-0.00338529573701,2061.06,1991.06,0.0,1890.45105564
2014-05-28,2052.66,2029.34,2050.23,0.00769845151175,2061.06,1991.06,0.0,1890.45105564
2014-05-29,2057.08,2039.24,2040.6,-0.00469850182516,2061.06,1991.06,0.0,1890.45105564
2014-05-30,2046.96,2031.37,2039.21,-0.000677743501283,2061.06,1991.06,0.0,1890.45105564
2014-06-03,2049.58,2037.3,2038.77,-0.000215769620814,2061.06,1991.06,0.0,1890.45105564
2014-06-04,2038.48,2012.91,2024.83,-0.00683646822695,2061.06,1991.06,0.0,1890.45105564
2014-06-05,2041.7,2016.18,2040.88,0.00792361250354,2061.06,1991.06,0.0,1890.45105564
2014-06-06,2041.57,2022.16,2029.96,-0.0053516182741,2061.06,1991.06,0.0,1890.45105564
2014-06-09,2045.26,2023.2,2030.5,0.000268971347162,2061.06,1991.06,0.0,1890.45105564
2014-06-10,2052.77,2026.39,2052.53,0.0108495337606,2061.06,1991.06,0.0,1890.45105564
2014-06-11,2056.63,2045.41,2054.95,0.00117708274463,2057.08,1991.06,0.0,1890.45105564
2014-06-12,2057.11,2045.96,2051.71,-0.00157424908075,2057.11,1991.06,0.0,1890.45105564
2014-06-13,2073.6,2048.62,2070.72,0.00926152926847,2073.6,1991.06,0.0,1890.45105564
2014-06-16,2087.32,2069.44,2085.98,0.00737329859493,2087.32,1991.06,1.0,1904.38991575
2014-06-17,2080.48,2064.67,2066.7,-0.00924504178605,2087.32,1991.06,1.0,1886.78375141
2014-06-18,2066.91,2051.75,2055.52,-0.00540911153928,2087.32,1991.06,1.0,1876.57792764
2014-06-19,2059.26,2017.65,2023.74,-0.0154627614729,2087.32,2012.91,1.0,1847.56085076
2014-06-20,2027.15,2010.53,2026.67,0.00145226524224,2087.32,2010.53,1.0,1850.24399917
2014-06-23,2033.32,2022.92,2024.37,-0.00113930508804,2087.32,2010.53,1.0,1848.13600677
2014-06-24,2034.71,2021.75,2033.93,0.00472543241955,2087.32,2010.53,1.0,1856.86924857
2014-06-25,2030.62,2018.36,2025.5,-0.00414419171545,2087.32,2010.53,1.0,1849.17402641
2014-06-26,2040.75,2025.31,2038.68,0.00650456035096,2087.32,2010.53,1.0,1861.20209047
2014-06-27,2043.98,2025.07,2036.51,-0.00106294425257,2087.32,2010.53,1.0,1859.2237364
2014-06-30,2052.34,2038.53,2048.33,0.00580257401142,2087.32,2010.53,1.0,1870.01201974
2014-07-01,2052.64,2041.94,2050.38,0.00100276957732,2087.32,2010.53,1.0,1871.8872109
2014-07-02,2060.6,2044.04,2059.42,0.00440747353784,2087.32,2010.53,1.0,1880.13750425
2014-07-03,2066.64,2048.08,2063.23,0.00185052281761,2087.32,2010.53,1.0,1883.6167416
2014-07-04,2065.08,2054.22,2059.38,-0.00186794582666,2087.32,2010.53,1.0,1880.09824757
2014-07-07,2064.04,2050.89,2059.93,0.000268042488619,2087.32,2010.53,1.0,1880.60219378
2014-07-08,2064.43,2047.2,2064.02,0.0019874490698,2087.32,2010.53,1.0,1884.33979486
2014-07-09,2062.47,2037.6,2038.61,-0.012310436764,2087.32,2010.53,1.0,1861.14274897
2014-07-10,2045.53,2034.96,2038.34,-0.000132443054392,2087.32,2010.53,1.0,1860.89625354
2014-07-11,2051.74,2033.0,2046.96,0.00422843664115,2087.32,2010.53,1.0,1868.76493545
2014-07-14,2067.34,2044.9,2066.65,0.00961669518862,2080.48,2010.53,1.0,1886.73627821
2014-07-15,2070.36,2059.68,2070.36,0.00179566311792,2070.36,2010.53,1.0,1890.12422096
2014-07-16,2075.49,2061.57,2067.28,-0.00148814914529,2075.49,2010.53,1.0,1887.31143422
2014-07-17,2062.89,2046.19,2055.59,-0.00565236572185,2075.49,2010.53,1.0,1876.64365976
2014-07-18,2067.23,2046.0,2059.07,0.00169099786874,2075.49,2018.36,1.0,1879.81706019
2014-07-21,2061.82,2049.18,2054.48,-0.00222819364304,2075.49,2018.36,1.0,1875.62846376
2014-07-22,2078.09,2049.82,2075.48,0.0102225430389,2078.09,2018.36,1.0,1894.80215646
2014-07-23,2088.19,2072.23,2078.49,0.0014493025954,2088.19,2025.07,1.0,1897.54829814
2014-07-24,2107.95,2079.63,2105.06,0.0127847681657,2107.95,2025.07,1.0,1921.80801322
2014-07-25,2127.22,2106.71,2126.61,0.0102381782579,2127.22,2033.0,1.0,1941.48382623
2014-07-28,2181.5,2135.25,2177.95,0.0241388423099,2181.5,2033.0,1.0,1988.34899816
2014-07-29,2193.52,2172.1,2183.19,0.00240777098443,2193.52,2033.0,1.0,1993.13648719
2014-07-30,2194.57,2177.24,2181.24,-0.00089272954463,2194.57,2033.0,1.0,1991.35715536
2014-07-31,2202.13,2173.9,2201.56,0.00931533075407,2202.13,2033.0,1.0,2009.90730591
2014-08-01,2218.79,2184.64,2185.3,-0.00738521104561,2218.79,2033.0,1.0,1995.06371627
2014-08-04,2224.07,2186.92,2223.33,0.0174017058504,2224.07,2033.0,1.0,2029.78122822
2014-08-05,2226.84,2206.85,2219.95,-0.00152294012902,2226.84,2033.0,1.0,2026.68999293
2014-08-06,2223.89,2192.99,2217.47,-0.00111714479413,2226.84,2033.0,1.0,2024.42588676
2014-08-07,2220.57,2185.76,2187.67,-0.0134369651832,2226.84,2033.0,1.0,1997.2237466
2014-08-08,2199.58,2180.6,2194.43,0.00308821855592,2226.84,2044.9,1.0,2003.39161004
2014-08-11,2225.96,2198.31,2224.65,0.0137753625665,2226.84,2046.0,1.0,2030.98905583
2014-08-12,2222.98,2210.0,2221.6,-0.00137504528794,2226.84,2046.0,1.0,2028.1963539
2014-08-13,2230.99,2202.44,2222.88,0.000577062875997,2230.99,2046.0,1.0,2029.36675072
2014-08-14,2230.89,2204.38,2206.47,-0.00738277466545,2230.99,2046.0,1.0,2014.38439328
2014-08-15,2230.87,2203.24,2226.73,0.00918572957843,2230.99,2049.18,1.0,2032.88798359
2014-08-18,2242.04,2228.13,2239.47,0.00571779116859,2242.04,2049.82,1.0,2044.51161255
2014-08-19,2246.02,2227.93,2245.33,0.00261848137011,2246.02,2072.23,1.0,2049.86512811
2014-08-20,2248.94,2233.89,2240.21,-0.00227984305202,2248.94,2079.63,1.0,2045.19175734
2014-08-21,2240.08,2211.63,2230.46,-0.00435360776284,2248.94,2106.71,1.0,2036.28779463
2014-08-22,2243.3,2225.27,2240.81,0.00464209592828,2248.94,2135.25,1.0,2045.74043791
2014-08-25,2241.55,2222.01,2229.27,-0.0051490263351,2248.94,2172.1,1.0,2035.20686652
2014-08-26,2232.79,2200.62,2207.11,-0.00994404456339,2248.94,2173.9,1.0,2014.96867875
2014-08-27,2216.67,2204.05,2209.47,0.00106882043726,2248.94,2173.9,1.0,2017.12231845
2014-08-28,2219.47,2194.86,2195.82,-0.00617660836447,2248.94,2180.6,1.0,2004.66334387
2014-08-29,2218.7,2193.26,2217.2,0.00973760120374,2248.94,2180.6,1.0,2024.18395606
2014-09-01,2236.29,2217.69,2235.51,0.0082586144687,2248.94,2180.6,1.0,2040.90091096
2014-09-02,2267.51,2234.38,2266.05,0.0136590694477,2267.51,2180.6,1.0,2068.77771824
2014-09-03,2290.55,2268.1,2288.63,0.00996493451589,2290.55,2180.6,1.0,2089.39295273
2014-09-04,2307.7,2283.28,2306.86,0.00796765921227,2307.7,2180.6,1.0,2106.04052374
2014-09-05,2327.56,2307.45,2326.43,0.00848338565549,2327.56,2193.26,1.0,2123.90687771
2014-09-09,2331.92,2315.89,2326.53,4.0835064167e-05,2331.92,2193.26,1.0,2123.99360758
2014-09-10,2321.91,2306.42,2318.31,-0.00353402303089,2331.92,2193.26,1.0,2116.48736526
2014-09-11,2343.6,2304.6,2311.68,-0.00285812263701,2343.6,2193.26,1.0,2110.43818481
2014-09-12,2331.95,2302.78,2331.95,0.00876895105246,2343.6,2193.26,1.0,2128.94451395
2014-09-15,2340.45,2321.59,2339.14,0.00308325650207,2343.6,2193.26,1.0,2135.50859596
2014-09-16,2347.94,2293.87,2296.56,-0.0182054088255,2347.94,2193.26,1.0,2096.63078892
2014-09-17,2309.05,2282.8,2307.89,0.00493695992476,2347.94,2193.26,1.0,2106.98177111
2014-09-18,2319.88,2297.93,2315.93,0.00348153055623,2347.94,2193.26,1.0,2114.31729252
2014-09-19,2331.56,2305.52,2329.45,0.00583912798671,2347.94,2193.26,1.0,2126.6630618
2014-09-22,2323.55,2284.38,2289.87,-0.016993274381,2347.94,2193.26,1.0,2090.52409287
2014-09-23,2311.53,2289.02,2309.72,0.00866950293161,2347.94,2193.26,1.0,2108.64789763
2014-09-24,2345.75,2297.88,2343.58,0.0146584994359,2347.94,2193.26,1.0,2139.55751164
2014-09-25,2365.15,2336.81,2345.1,0.000651995348986,2365.15,2193.26,1.0,2140.95249319
2014-09-26,2350.11,2329.96,2347.72,0.0011150896144,2365.15,2193.26,1.0,2143.33984708
2014-09-29,2363.06,2346.58,2357.71,0.00425647373322,2365.15,2217.69,1.0,2152.46291684
2014-09-30,2365.49,2354.27,2363.87,0.0026122794524,2365.49,2234.38,1.0,2158.08575149
2014-10-08,2382.79,2354.29,2382.79,0.0080055163778,2382.79,2268.1,1.0,2175.36234232
2014-10-09,2391.35,2367.11,2389.37,0.00276020503661,2391.35,2282.8,1.0,2181.36678841
2014-10-10,2386.28,2365.08,2374.54,-0.00620707290747,2391.35,2282.8,1.0,2167.82688572
2014-10-13,2366.86,2341.12,2366.01,-0.00359269584846,2391.35,2282.8,1.0,2160.03854307
2014-10-14,2380.52,2349.19,2359.48,-0.00276161248753,2391.35,2282.8,1.0,2154.07335365
2014-10-15,2374.81,2344.37,2373.67,0.00601616885112,2391.35,2282.8,1.0,2167.03262267
2014-10-16,2389.68,2353.41,2356.5,-0.00723394574646,2391.35,2282.8,1.0,2151.35642624
2014-10-17,2360.6,2312.83,2341.18,-0.00649904795207,2391.35,2282.8,1.0,2137.37465767
2014-10-20,2357.51,2340.46,2356.73,0.00663937563216,2391.35,2282.8,1.0,2151.56549089
2014-10-21,2361.65,2337.55,2339.66,-0.00724351728328,2391.35,2282.8,1.0,2135.98058907
2014-10-22,2352.12,2324.59,2326.55,-0.00560082097504,2391.35,2284.38,1.0,2124.01734418
2014-10-23,2329.93,2297.33,2302.42,-0.0103737159652,2391.35,2284.38,1.0,2101.98339155
2014-10-24,2314.88,2296.66,2302.28,-5.9936987984e-05,2391.35,2284.38,1.0,2101.85740499
2014-10-27,2293.64,2279.84,2290.44,-0.00514403113435,2391.35,2279.84,1.0,2091.04538506
2014-10-28,2338.28,2294.01,2337.87,0.0207095851141,2391.35,2279.84,1.0,2134.35006744
2014-10-29,2381.64,2339.71,2373.03,0.0150388965003,2391.35,2279.84,1.0,2166.4483372
2014-10-30,2397.26,2365.92,2391.08,0.00760462362465,2397.26,2279.84,1.0,2182.92336141
2014-10-31,2423.6,2384.48,2420.18,0.0121710895011,2423.6,2279.84,1.0,2209.49191701
2014-11-03,2436.79,2418.17,2430.03,0.00407160134503,2436.79,2279.84,1.0,2218.48808728
2014-11-04,2435.22,2417.22,2430.68,0.000265428603409,2436.79,2279.84,1.0,2219.07693747
2014-11-05,2434.36,2415.5,2419.25,-0.00469951375687,2436.79,2279.84,1.0,2208.64835487
2014-11-06,2426.89,2401.75,2425.86,0.0027322472134,2436.79,2279.84,1.0,2214.68292819
2014-11-07,2454.42,2407.44,2418.17,-0.00317124125672,2454.42,2279.84,1.0,2207.65963432
2014-11-10,2474.16,2428.19,2473.67,0.0229520575675,2474.16,2279.84,1.0,2258.32996533
2014-11-11,2508.62,2445.96,2469.67,-0.00161702860483,2508.62,2279.84,1.0,2254.67818118
2014-11-12,2494.92,2444.81,2494.48,0.0100430299882,2508.62,2279.84,1.0,2277.32198177
2014-11-13,2507.74,2471.41,2485.61,-0.00355585702167,2508.62,2279.84,1.0,2269.22415041
2014-11-14,2481.03,2457.05,2478.82,-0.00272850966726,2508.62,2279.84,1.0,2263.03255037
2014-11-17,2508.77,2472.45,2474.01,-0.00194245335691,2508.77,2279.84,1.0,2258.6367152
2014-11-18,2477.05,2449.81,2456.37,-0.00713134026594,2508.77,2279.84,1.0,2242.52960825
2014-11-19,2461.49,2442.71,2450.99,-0.00219022735211,2508.77,2279.84,1.0,2237.61795856
2014-11-20,2458.32,2437.48,2452.66,0.000682990437318,2508.77,2279.84,1.0,2239.14623023
2014-11-21,2488.2,2446.65,2486.79,0.013915911704,2508.77,2279.84,1.0,2270.30599146
2014-11-24,2546.75,2495.52,2532.88,0.0185331216013,2546.75,2294.01,1.0,2312.38184847
2014-11-25,2568.38,2527.08,2567.6,0.0137069319142,2568.38,2339.71,1.0,2344.07750903
2014-11-26,2605.07,2570.4,2604.35,0.0143122148842,2605.07,2365.92,1.0,2377.62645004
2014-11-27,2631.4,2599.11,2630.49,0.010037456635,2631.4,2384.48,1.0,2401.49177243
2014-11-28,2683.18,2622.06,2682.84,0.0199008852357,2683.18,2401.75,1.0,2449.28358459
2014-12-01,2720.74,2668.84,2680.16,-0.000998943282013,2720.74,2401.75,1.0,2446.83688921
2014-12-02,2777.37,2665.69,2763.55,0.0311138721455,2777.37,2401.75,1.0,2522.96745934
2014-12-03,2824.18,2733.87,2779.53,0.00578242800461,2824.18,2401.75,1.0,2537.55633703
2014-12-04,2900.51,2772.43,2899.46,0.0431480198955,2900.51,2407.44,1.0,2647.04686835
2014-12-05,2978.03,2813.05,2937.65,0.0131717811893,2978.03,2428.19,1.0,2681.91319049
2014-12-08,3041.66,2879.85,3020.26,0.028121486346,3041.66,2437.48,1.0,2757.33257566
2014-12-09,3091.32,2834.59,2856.27,-0.0542963548147,3091.32,2437.48,1.0,2607.61946779
2014-12-10,2946.71,2807.68,2940.01,0.0293169165789,3091.32,2437.48,1.0,2684.0668302
2014-12-11,2965.68,2892.61,2925.74,-0.0048513506435,3091.32,2437.48,1.0,2671.04548085
2014-12-12,2962.51,2914.96,2938.17,0.00424849345961,3091.32,2437.48,1.0,2682.39340011
2014-12-15,2960.23,2890.9,2953.42,0.00518961953568,3091.32,2437.48,1.0,2696.3140013
2014-12-16,3021.9,2943.91,3021.52,0.0230569905205,3091.32,2437.48,1.0,2758.48288767
2014-12-17,3076.6,2993.33,3061.02,0.0130735610379,3091.32,2437.48,1.0,2794.54608207
2014-12-18,3089.79,3030.32,3057.52,-0.00114308302461,3091.32,2446.65,1.0,2791.35168389
2014-12-19,3117.53,3018.42,3108.6,0.0167047094689,3117.53,2495.52,1.0,2837.98040279
2014-12-22,3189.87,3090.51,3127.45,0.00606350905682,3189.87,2527.08,1.0,2855.18852267
2014-12-23,3136.84,3025.67,3032.61,-0.0303228354136,3189.87,2570.4,1.0,2768.61111102
2014-12-24,3050.51,2934.91,2972.53,-0.0198113045784,3189.87,2599.11,1.0,2713.76131304
2014-12-25,3073.35,2969.87,3072.54,0.0336426992207,3189.87,2622.06,1.0,2805.05956865
2014-12-26,3164.16,3064.18,3157.6,0.0276862500553,3189.87,2665.69,1.0,2882.72114929
2014-12-29,3223.86,3126.94,3168.02,0.00329775465757,3223.86,2665.69,1.0,2892.22765638
2014-12-30,3190.3,3130.35,3165.82,-0.000694756592138,3223.86,2733.87,1.0,2890.21826215
2014-12-31,3239.36,3157.26,3234.68,0.0217517448114,3239.36,2772.43,1.0,2953.08555224
