pre3change,curChange,nextChange
-0.030589999999999895,0.00053999999999998494,-1
-0.0088899999999998425,-0.015300000000000091,1
-0.014760000000000106,0.0070999999999998842,-1
-0.0082000000000002071,-0.00035999999999991594,-1
0.0067399999999999682,-0.011549999999999949,-1
-0.011909999999999865,-0.0079299999999999926,1
-0.019479999999999942,0.0059000000000000163,1
-0.0020299999999999763,0.010299999999999976,1
0.016199999999999992,0.0029900000000000482,1
0.013290000000000024,0.0055600000000000094,-1
0.0085500000000000576,-0.014140000000000263,-1
-0.0085800000000002541,-0.021439999999999904,-1
-0.035580000000000167,-0.0027699999999999392,-1
-0.024209999999999843,-0.0018400000000000638,-1
-0.004610000000000003,-0.0092599999999998239,-1
-0.011099999999999888,-0.00096000000000007191,-1
-0.010219999999999896,-0.013710000000000111,-1
-0.014670000000000183,-0.010459999999999914,1
-0.024170000000000025,0.012880000000000003,1
0.0024200000000000887,0.0087299999999999045,1
0.021609999999999907,0.019910000000000094,1
0.028639999999999999,0.00022999999999995246,-1
0.020140000000000047,-0.012450000000000072,-1
-0.01222000000000012,-0.0040100000000000691,-1
-0.016460000000000141,-3.9999999999817959e-05,-1
-0.004049999999999887,-0.00075000000000002842,-1
-0.00078999999999984638,-0.0012799999999999478,-1
-0.0020299999999999763,-0.0031000000000001027,1
-0.0043800000000000505,0.019730000000000025,-1
0.016629999999999923,-0.0037300000000000111,-1
0.016000000000000014,-0.013279999999999959,1
-0.01700999999999997,0.0014799999999999258,-1
-0.011800000000000033,-0.0054399999999998894,-1
-0.0039599999999999635,-0.0021499999999998742,-1
-0.0075899999999997636,-0.004610000000000225,-1
-0.0067600000000000993,-0.0026299999999999102,1
-0.0072400000000001352,0.0023800000000000487,1
-0.00024999999999986144,0.00086000000000008292,-1
0.0032400000000001317,-0.00071000000000021046,-1
0.00014999999999987246,-0.0037300000000000111,1
-0.0044400000000002215,0.010970000000000146,-1
0.0072400000000001352,-0.010280000000000067,1
0.00069000000000007944,0.013809999999999878,1
0.0035299999999998111,0.0077400000000000801,1
0.021549999999999958,0.008979999999999988,-1
0.016720000000000068,-0.0034499999999999531,-1
0.0055300000000000349,-2.9999999999974492e-05,-1
-0.0034799999999999276,-0.0037499999999999201,-1
-0.0037799999999998946,-0.016260000000000163,-1
-0.020010000000000083,-0.017619999999999969,-1
-0.033880000000000132,-0.0070699999999999097,-1
-0.024689999999999879,-0.0013600000000000279,1
-0.0084299999999999375,0.0068699999999999317,1
0.0055099999999999039,0.0018299999999999983,1
0.00869999999999993,0.014399999999999968,1
0.016229999999999967,0.022440000000000015,1
0.036839999999999984,0.0022100000000000453,1
0.024650000000000061,0.00060999999999999943,-1
0.0028200000000000447,-0.0098099999999998744,1
-0.0091999999999998749,0.0097199999999997289,1
-9.0000000000145519e-05,0.0073600000000000332,1
0.017079999999999762,0.0014300000000002644,1
0.0087900000000002976,0.014789999999999859,1
0.016220000000000123,0.00051000000000001044,1
0.015299999999999869,0.0023800000000000487,1
0.0028900000000000592,0.004210000000000047,1
0.0065900000000000958,0.0024999999999999467,1
0.0067099999999999937,0.0012799999999999478,-1
0.0037799999999998946,-0.011419999999999986,-1
-0.010140000000000038,-0.0036599999999999966,1
-0.015079999999999982,0.01415999999999995,1
0.010499999999999954,0.011509999999999909,-1
0.02566999999999986,-0.0012299999999998423,-1
0.010280000000000067,-0.019300000000000095,-1
-0.020529999999999937,-0.0036399999999998656,-1
-0.02293999999999996,-0.0013900000000000023,1
-0.0050299999999998679,0.0019099999999998563,1
0.00051999999999985391,0.0033000000000000806,1
0.0052099999999999369,0.0093999999999998529,-1
0.012699999999999934,-0.011609999999999898,-1
-0.0022100000000000453,-0.0055999999999998273,-1
-0.017209999999999726,-0.0035200000000001896,-1
-0.009120000000000017,-0.0032499999999999751,1
-0.0067700000000001648,0.0018400000000000638,1
-0.0014099999999999113,0.0075999999999998291,1
0.0094399999999998929,0.004910000000000192,1
0.012510000000000021,0.0062499999999998668,1
0.011160000000000059,0.0026800000000000157,-1
0.0089299999999998825,-0.0031000000000001027,-1
-0.00042000000000008697,-0.00088999999999983537,1
-0.003989999999999938,0.0087899999999998535,1
0.0079000000000000181,0.0060200000000001364,-1
0.01480999999999999,-0.0067200000000000593,-1
-0.00069999999999992291,-0.0018799999999998818,1
-0.008599999999999941,0.0087099999999999955,-1
0.0068300000000001138,-0.0053100000000001479,1
0.0033999999999998476,0.0097300000000000164,1
0.0044199999999998685,0.0090900000000000425,1
0.018820000000000059,0.0028599999999998627,1
0.011949999999999905,0.00057000000000018147,-1
0.0034300000000000441,-0.0028299999999998882,-1
-0.0022599999999997067,-0.0067300000000001248,1
-0.0095600000000000129,0.0008799999999999919,-1
-0.0058500000000001329,-0.010270000000000001,1
-0.0093900000000000095,0.010140000000000038,1
-0.00012999999999996348,0.0032700000000001062,1
0.013410000000000144,0.0055699999999998528,-1
0.008839999999999959,-0.00048000000000003595,-1
0.0050899999999998169,-0.010210000000000052,1
-0.010690000000000088,0.014700000000000157,1
0.004490000000000105,0.014999999999999902,-1
0.02970000000000006,-0.0012299999999998423,1
0.01377000000000006,0.0047899999999998499,-1
0.0035600000000000076,-0.004809999999999981,-1
-2.0000000000131024e-05,-0.0063600000000001433,1
-0.011170000000000124,0.0064800000000002633,-1
0.00012000000000012001,-0.0081700000000002326,-1
-0.0016899999999999693,-0.0052699999999998859,1
-0.013440000000000119,0.003809999999999869,1
-0.0014600000000000168,0.004750000000000032,1
0.008559999999999901,0.00066000000000010495,1
0.0054100000000001369,0.0029500000000000082,1
0.0036100000000001131,0.0079100000000000836,-1
0.010860000000000092,-0.0001500000000000945,-1
0.0077599999999999891,-0.0028900000000000592,1
-0.0030400000000001537,0.0026200000000000667,1
-0.00026999999999999247,0.009279999999999955,-1
0.011900000000000022,-0.0026499999999998192,1
0.0066300000000001358,0.01843999999999979,-1
0.015789999999999971,-0.00021000000000004349,-1
0.018229999999999746,-0.0056899999999999729,1
-0.0059000000000000163,0.0059200000000001474,-1
0.00023000000000017451,-0.0030999999999998806,1
0.0028200000000002667,0.0050599999999998424,-1
0.0019599999999999618,-0.0072500000000002007,-1
-0.0021900000000003583,-0.0033099999999997021,-1
-0.010559999999999903,-0.015920000000000156,1
-0.019229999999999858,0.012720000000000065,1
-0.0032000000000000917,0.01532,1
0.028040000000000065,0.0040999999999999925,1
0.019419999999999993,9.9999999999988987e-05,1
0.0041999999999999815,0.0028999999999999027,-1
0.0029999999999998916,-0.0037599999999999856,1
-0.00086000000000008292,0.015370000000000106,1
0.01161000000000012,0.0082499999999998685,1
0.023619999999999974,0.0052799999999999514,-1
0.01352999999999982,-0.0034299999999998221,1
0.0018500000000001293,0.00095000000000000639,-1
-0.0024799999999998157,-0.0021400000000000308,1
-0.0011900000000000244,0.004250000000000087,-1
0.0021100000000000563,-0.0009900000000000464,-1
0.0032600000000000406,-0.026920000000000055,-1
-0.027910000000000101,-0.024340000000000028,1
-0.051260000000000083,0.0073300000000000587,-1
-0.01700999999999997,-0.0019500000000001183,1
0.0053799999999999404,0.0031600000000000517,-1
0.0012099999999999334,-0.019299999999999873,1
-0.016139999999999821,0.0022499999999998632,-1
-0.01705000000000001,-0.011139999999999928,-1
-0.0088900000000000645,-0.0051700000000001189,1
-0.016310000000000047,0.0078800000000001091,1
0.0027099999999999902,0.012150000000000105,-1
0.020030000000000214,-0.00083000000000010843,1
0.011319999999999997,0.0067500000000000338,-1
0.0059199999999999253,-0.01696999999999993,-1
-0.010219999999999896,-0.0039200000000001456,-1
-0.020890000000000075,-0.010320000000000107,1
-0.014240000000000252,0.0078400000000002912,-1
-0.0024799999999998157,-0.0022800000000002818,1
0.0055600000000000094,0.0074899999999999967,1
0.0052099999999997149,0.015249999999999986,-1
0.022739999999999982,-0.00069999999999992291,1
0.014550000000000063,0.0043400000000002326,1
0.0036400000000003097,0.009099999999999886,-1
0.013440000000000119,-0.0078900000000001747,1
0.0012099999999997113,0.014140000000000263,1
0.0062500000000000888,0.014699999999999935,1
0.028840000000000199,0.0019000000000000128,-1
0.016599999999999948,-0.0062100000000000488,1
-0.004310000000000036,0.008879999999999999,-1
0.0026699999999999502,-0.0086299999999999155,-1
0.00025000000000008349,-0.0056100000000001149,-1
-0.01424000000000003,-0.020220000000000127,1
-0.025830000000000242,0.0001100000000000545,1
-0.020110000000000072,0.0079200000000001491,1
0.0080300000000002036,0.0018000000000000238,-1
0.0097200000000001729,-0.024130000000000207,1
-0.022330000000000183,0.00099000000000026844,1
-0.023139999999999938,0.010479999999999823,-1
0.011470000000000091,-0.0048600000000000865,1
0.0056199999999997363,0.010399999999999965,1
0.0055399999999998784,0.0015100000000001224,-1
0.011910000000000087,-0.0046200000000000685,-1
-0.0031099999999999461,-0.0069099999999997497,-1
-0.011529999999999818,-0.0080700000000000216,-1
-0.014979999999999771,-0.0026400000000001977,1
-0.010710000000000219,0.015670000000000073,1
0.013029999999999875,0.0046200000000000685,1
0.020290000000000141,0.010639999999999761,1
0.015259999999999829,0.0010600000000000609,1
0.011699999999999822,0.0053000000000000824,1
0.0063600000000001433,0.0036100000000001131,-1
0.0089100000000001955,-0.0021800000000002928,-1
0.0014299999999998203,-0.010759999999999659,-1
-0.012939999999999952,-0.0098900000000001764,1
-0.020649999999999835,0.0026100000000000012,-1
-0.0072800000000001752,-0.010219999999999896,-1
-0.0076099999999998946,-0.0047400000000001885,-1
-0.014960000000000084,-0.017329999999999846,-1
-0.022070000000000034,-0.0049200000000000355,1
-0.022249999999999881,0.028040000000000065,-1
0.023120000000000029,-0.010780000000000012,-1
0.017260000000000053,-0.00082000000000004292,-1
-0.011600000000000055,-0.0026599999999998847,-1
-0.0034799999999999276,-7.000000000023654e-05,1
-0.0027300000000001212,0.004470000000000196,1
0.0043999999999999595,0.0090500000000000025,1
0.013520000000000199,0.014739999999999975,-1
0.023789999999999978,-0.0049500000000000099,1
0.0097899999999999654,0.0008099999999999774,1
-0.0041400000000000325,0.00063999999999997392,1
0.0014499999999999513,0.013490000000000002,-1
0.014129999999999976,-0.014710000000000001,-1
-0.0012199999999999989,-0.0034400000000001096,1
-0.01815000000000011,0.0070300000000000917,-1
0.0035899999999999821,-0.004290000000000127,-1
0.0027399999999999647,-0.0081299999999999706,-1
-0.012420000000000098,-0.0088699999999999335,1
-0.016999999999999904,0.016539999999999999,-1
0.0076700000000000657,-0.027430000000000065,1
-0.010890000000000066,0.020220000000000127,1
-0.0072099999999999387,0.0030799999999999716,-1
0.023300000000000098,-0.013210000000000166,1
-0.010130000000000194,0.0178400000000003,-1
0.004630000000000134,-0.021680000000000144,1
-0.0038399999999998435,0.0077300000000000146,1
-0.013950000000000129,0.0033799999999999386,1
0.011109999999999953,0.0035000000000000586,1
0.0068799999999999972,0.015390000000000015,-1
0.018890000000000073,-0.0056899999999999729,1
0.0097000000000000419,0.0047399999999999665,-1
-0.00095000000000000639,-0.013120000000000021,1
-0.0083800000000000541,0.0098099999999998744,-1
-0.0033100000000001462,-0.0028399999999999537,-1
0.0069699999999999207,-0.00091999999999980986,1
-0.0037599999999997635,0.0080799999999998651,-1
0.0071600000000000552,-0.0030200000000000227,-1
0.0050599999999998424,-0.0019899999999999363,1
-0.0050099999999999589,0.011030000000000095,-1
0.009040000000000159,-0.0017800000000001148,1
0.0092499999999999805,0.0035800000000001386,-1
0.0018000000000000238,-0.0077100000000001057,-1
-0.004129999999999967,-0.0075499999999999456,-1
-0.015260000000000051,-0.0095499999999999474,-1
-0.017099999999999893,-0.0062300000000001798,-1
-0.015780000000000127,-0.0057799999999998963,-1
-0.012010000000000076,-0.0079299999999999926,-1
-0.013709999999999889,-0.0059599999999999653,1
-0.013889999999999958,0.0071199999999997932,-1
0.0011599999999998278,-0.019129999999999869,-1
-0.012010000000000076,-0.022620000000000084,-1
-0.041749999999999954,-0.0080099999999998506,1
-0.030629999999999935,0.0055399999999998784,1
-0.0024699999999999722,0.004390000000000116,1
0.0099299999999999944,0.0066100000000000048,1
0.011000000000000121,0.013199999999999878,-1
0.019809999999999883,-0.0093099999999999294,-1
0.0038899999999999491,-0.010590000000000099,-1
-0.019900000000000029,-0.0059199999999999253,1
-0.016510000000000025,0.0083899999999998975,-1
0.0024699999999999722,-0.012789999999999857,-1
-0.0043999999999999595,-0.0073400000000001242,-1
-0.020129999999999981,-0.0026399999999999757,1
-0.0099800000000000999,0.0038199999999999346,-1
0.0011799999999999589,-0.0021299999999999653,1
0.0016899999999999693,0.009039999999999937,-1
0.0069099999999999717,-0.0062599999999999323,1
0.0027800000000000047,0.0072499999999999787,-1
0.0009900000000000464,-0.022689999999999877,-1
-0.015439999999999898,-0.0011100000000001664,-1
-0.023800000000000043,-0.016719999999999846,1
-0.017830000000000013,0.012660000000000116,1
-0.0040599999999997305,0.0027099999999997681,1
0.015369999999999884,0.0082900000000001306,-1
0.010999999999999899,-0.004610000000000003,1
0.0036800000000001276,0.0018899999999999473,1
-0.0027200000000000557,0.02267000000000019,1
0.024560000000000137,0.00067999999999979188,1
0.023349999999999982,0.014480000000000048,-1
0.01515999999999984,-0.0025900000000000922,1
0.011889999999999956,0.012470000000000203,-1
0.0098800000000001109,-0.00038000000000026901,-1
0.012089999999999934,-0.012769999999999726,-1
-0.013149999999999995,-0.0013200000000002099,1
-0.014089999999999936,0.0035000000000000586,1
0.0021799999999998487,0.0026999999999999247,1
0.0061999999999999833,0.009220000000000228,-1
0.011920000000000153,-0.0036300000000002441,1
0.0055899999999999839,0.0069500000000000117,-1
0.0033199999999997676,-0.0019599999999997397,-1
0.004990000000000272,-0.0014600000000000168,1
-0.0034199999999997566,0.031309999999999949,-1
0.029849999999999932,-0.0054400000000001114,-1
0.025869999999999838,-0.00058000000000002494,-1
-0.0060200000000001364,-0.027909999999999879,-1
-0.028489999999999904,-0.016280000000000072,1
-0.044189999999999952,0.0051600000000000534,1
-0.011120000000000019,0.0065199999999998592,-1
0.011679999999999913,-0.0022199999999998887,1
0.0042999999999999705,0.051239999999999952,-1
0.049020000000000064,-0.05147999999999997,-1
-0.00024000000000001798,-0.0011599999999998278,1
-0.052639999999999798,0.0055699999999998528,-1
0.004410000000000025,-0.029100000000000126,1
-0.023530000000000273,0.0068800000000002193,1
-0.022219999999999906,0.015700000000000047,1
0.022580000000000267,0.0017899999999999583,-1
0.017490000000000006,-0.016410000000000036,-1
-0.014620000000000077,-0.0095799999999999219,-1
-0.025989999999999958,-0.0070500000000000007,1
-0.016629999999999923,0.0014099999999996893,1
-0.0056400000000003114,0.0053400000000001224,1
0.0067499999999998117,0.0013099999999999223,-1
0.0066500000000000448,-0.0049799999999999844,1
-0.0036700000000000621,0.0030200000000002447,-1
-0.0019599999999997397,-0.016930000000000112,-1
-0.013909999999999867,-0.00063999999999997392,-1
-0.017570000000000086,-0.010250000000000092,1
-0.010890000000000066,0.0073299999999998366,1
-0.0029200000000002557,0.00013000000000018552,1
0.0074600000000000222,0.0020000000000000018,1
0.0021300000000001873,0.010709999999999997,1
0.012709999999999999,0.0020700000000000163,-1
0.012780000000000014,-0.0070100000000001828,1
-0.0049400000000001665,0.0025900000000003143,-1
-0.0044199999999998685,-0.0021400000000002528,1
0.00045000000000006146,0.00078000000000022496,1
-0.0013600000000000279,0.0013699999999998713,-1
0.0021500000000000963,-0.0072499999999999787,1
-0.0058800000000001074,0.0040900000000001491,-1
-0.0031599999999998296,-0.0013900000000002244,-1
0.0026999999999999247,-0.020379999999999843,-1
-0.021770000000000067,-0.01330000000000009,-1
-0.033679999999999932,-0.0050600000000000644,1
-0.018360000000000154,0.0036800000000001276,1
-0.0013799999999999368,0.0022199999999998887,-1
0.0059000000000000163,-0.00063999999999997392,-1
0.0015799999999999148,-0.0039400000000000546,1
-0.0045800000000000285,0.0084400000000000031,-1
0.0044999999999999485,-0.0036700000000000621,1
0.004769999999999941,0.00069000000000030148,-1
-0.0029799999999997606,-0.00056000000000011596,-1
0.00013000000000018552,-0.00036000000000013799,1
-0.00092000000000025395,0.0012499999999999734,1
0.00088999999999983537,0.0013600000000002499,-1
0.0026100000000002233,-0.0083100000000000396,-1
-0.0069499999999997897,-0.0034000000000000696,1
-0.011710000000000109,0.00059999999999993392,-1
-0.0028000000000001357,-0.0011799999999999589,-1
-0.00058000000000002494,-0.0010900000000000354,1
-0.0022699999999999942,0.011709999999999887,-1
0.010619999999999852,-0.011479999999999935,-1
0.00022999999999995246,-0.014569999999999972,-1
-0.026049999999999907,-0.0071600000000000552,-1
-0.021730000000000027,-0.003989999999999938,1
-0.011149999999999993,0.0089700000000001445,1
0.0049800000000002065,0.00021999999999988695,-1
0.0091900000000000315,-0.0063299999999999468,1
-0.0061100000000000598,0.010610000000000008,-1
0.0042800000000000615,-0.013820000000000165,-1
-0.0032100000000001572,-0.0027899999999998482,1
-0.016610000000000014,0.00024999999999986144,1
-0.0025399999999999867,0.00890000000000013,1
0.0091499999999999915,0.011299999999999866,1
0.020199999999999996,0.011400000000000077,-1
0.022699999999999942,-0.0044999999999999485,-1
0.0069000000000001283,-0.0033799999999999386,1
-0.0078799999999998871,0.012579999999999814,1
0.0091999999999998749,0.0017000000000002569,1
0.01428000000000007,0.0068999999999999062,1
0.0086000000000001631,0.00059999999999993392,1
0.0074999999999998401,0.011270000000000113,-1
0.011870000000000047,-0.0011000000000001009,-1
0.010170000000000012,-0.0067699999999999427,-1
-0.0078700000000000436,-0.0050000000000001155,1
-0.011770000000000058,0.0080000000000000071,-1
0.0029999999999998916,-0.0023999999999999577,1
0.0056000000000000494,0.00059999999999993392,-1
-0.0018000000000000238,-0.0026999999999999247,-1
-0.0020999999999999908,-9.9999999999988987e-05,1
-0.0027999999999999137,0.013800000000000034,-1
0.013700000000000045,-0.0010000000000001119,1
0.012799999999999923,0.0034000000000000696,-1
0.0023999999999999577,-0.011500000000000066,1
-0.0080999999999999961,0.0069500000000000117,-1
-0.004550000000000054,-0.0066500000000000448,-1
0.00029999999999996696,-0.0045999999999999375,-1
-0.011249999999999982,-0.0067999999999999172,1
-0.011399999999999855,0.0071000000000001062,1
0.000300000000000189,0.0027999999999999137,1
0.0099000000000000199,0.0065399999999999903,1
0.0093399999999999039,0.00085999999999986088,-1
0.0073999999999998511,-9.9999999999988987e-05,1
0.00075999999999987189,0.0017000000000000348,1
0.0016000000000000458,0.012599999999999945,1
0.014299999999999979,0.0084000000000001851,1
0.02100000000000013,0.00094999999999978435,-1
0.0093499999999999694,-0.0073499999999999677,1
-0.0064000000000001833,0.0064000000000001833,-1
-0.00094999999999978435,-0.013400000000000079,-1
-0.0069999999999998952,-0.0012900000000000134,-1
-0.014690000000000092,-0.010769999999999946,-1
-0.01205999999999996,-0.0018400000000000638,1
-0.01261000000000001,0.0031900000000000261,-1
0.0013499999999999623,-0.010529999999999928,1
-0.0073399999999999022,0.0037000000000000366,1
-0.0068299999999998917,0.012479999999999825,-1
0.016179999999999861,-0.015949999999999909,1
-0.0034700000000000841,0.00079999999999991189,1
-0.015149999999999997,0.0024100000000000232,-1
0.0032099999999999351,-0.0066399999999999793,-1
-0.004229999999999956,-0.00507000000000013,1
-0.011710000000000109,0.004870000000000152,1
-0.00019999999999997797,0.0087299999999999045,1
0.013600000000000056,0.0011300000000000754,1
0.0098599999999999799,0.0059700000000000308,-1
0.0071000000000001062,-0.0012900000000000134,-1
0.0046800000000000175,-0.0012000000000000899,-1
-0.0024900000000001032,-0.0013499999999999623,1
-0.0025500000000000522,0.0068600000000000882,1
0.0055100000000001259,0.0017299999999997873,1
0.0085899999999998755,0.0072300000000002917,-1
0.008960000000000079,-0.0038300000000002221,-1
0.0034000000000000696,-0.00037999999999982492,-1
-0.004210000000000047,-0.0016800000000001258,1
-0.0020599999999999508,0.0038499999999999091,1
0.0021699999999997832,0.0021100000000000563,-1
0.0059599999999999653,-0.004069999999999796,-1
-0.0019599999999997397,-0.0079700000000000326,-1
-0.012039999999999829,-0.0097600000000002129,-1
-0.017730000000000246,-0.0076899999999999746,1
-0.017450000000000188,0.0034500000000001751,-1
-0.0042399999999997995,-0.0010300000000000864,1
0.0024200000000000887,0.0021500000000000963,-1
0.0011200000000000099,-0.0026600000000001067,1
-0.00051000000000001044,0.0028299999999998882,1
0.00016999999999978144,0.0076800000000001312,-1
0.010510000000000019,-0.010969999999999924,-1
-0.0032899999999997931,-0.0032799999999999496,1
-0.014249999999999874,0.008639999999999981,-1
0.0053600000000000314,-0.00039000000000011248,-1
0.0082499999999998685,-0.00086000000000008292,1
-0.0012500000000001954,0.0016700000000000603,1
0.0008099999999999774,0.0083200000000001051,-1
0.0099900000000001654,-0.00097000000000013742,-1
0.0073499999999999677,-0.0053399999999999004,1
-0.0063100000000000378,0.0039800000000000946,1
-0.0013599999999998058,0.0027799999999997826,-1
0.0067599999999998772,-0.0031899999999998041,1
-0.00041000000000002146,0.0061399999999998123,-1
0.0029500000000000082,-0.0011399999999999189,1
0.0049999999999998934,8.9999999999923475e-05,-1
-0.0010499999999999954,-0.00037999999999982492,-1
-0.00028999999999990145,-0.0084600000000001341,-1
-0.008839999999999959,-0.00014999999999987246,-1
-0.0086100000000000065,-0.0067600000000000993,-1
-0.0069099999999999717,-0.012179999999999858,1
-0.018939999999999957,0.0094699999999998674,-1
-0.0027099999999999902,-0.0058500000000001329,-1
0.0036199999999997345,-0.0065299999999999248,-1
-0.012380000000000058,-0.00018000000000006899,-1
-0.0067099999999999937,-0.0014299999999998203,-1
-0.0016099999999998893,-0.0018899999999999473,-1
-0.0033199999999997676,-0.0072400000000001352,-1
-0.0091300000000000825,-0.009240000000000137,-1
-0.016480000000000272,-0.0017799999999998928,-1
-0.01102000000000003,-0.0034000000000000696,1
-0.0051799999999999624,0.0098500000000001364,-1
0.0064500000000000668,-0.00075000000000002842,1
0.009100000000000108,0.0034000000000000696,-1
0.0026500000000000412,-0.012739999999999974,-1
-0.0093399999999999039,-0.009300000000000086,-1
-0.02204000000000006,-0.0050600000000000644,-1
-0.01436000000000015,-0.0019499999999998963,1
-0.0070099999999999607,0.0051299999999998569,-1
0.0031799999999999606,-0.0028500000000000192,-1
0.0022799999999998377,-0.0052699999999998859,-1
-0.0081199999999999051,-0.011900000000000022,-1
-0.017169999999999908,-0.00075000000000002842,1
-0.01265000000000005,0.0075400000000001022,-1
0.0067900000000000738,-0.0035799999999999166,1
0.0039600000000001856,0.0094999999999998419,-1
0.0059199999999999253,-0.0043800000000000505,1
0.0051199999999997914,0.012670000000000181,-1
0.0082900000000001306,-0.0014100000000001334,-1
0.011260000000000048,-0.0044999999999999485,1
-0.0059100000000000819,0.012720000000000065,-1
0.0082200000000001161,-0.018020000000000147,1
-0.0053000000000000824,0.0039200000000001456,1
-0.014100000000000001,0.0061799999999998523,1
0.010099999999999998,0.0061500000000000998,1
0.012329999999999952,0.0010499999999999954,1
0.0072000000000000952,0.0066299999999999137,-1
0.0076799999999999091,-0.012819999999999832,1
-0.0061899999999999178,0.011089999999999822,1
-0.0017300000000000093,0.0010200000000000209,-1
0.012109999999999843,-0.014939999999999953,1
-0.013919999999999932,0.0022199999999998887,-1
-0.012720000000000065,-0.0032099999999999351,-1
-0.0009900000000000464,-0.0036699999999998401,-1
-0.0068799999999997752,-0.00096000000000007191,-1
-0.004629999999999912,-0.0022699999999999942,-1
-0.0032300000000000662,-0.0028300000000001102,1
-0.0051000000000001044,0.022440000000000015,-1
0.019609999999999905,-0.0010299999999998644,-1
0.021410000000000151,-0.0069700000000001427,1
-0.0080000000000000071,0.0020000000000000018,-1
-0.004970000000000141,-0.0078000000000000291,-1
-0.0058000000000000274,-0.013619999999999965,-1
-0.021419999999999995,-0.010380000000000056,-1
-0.024000000000000021,-0.0016499999999999293,1
-0.012029999999999985,0.004389999999999894,-1
0.0027399999999999647,-0.0061799999999998523,-1
-0.0017899999999999583,-0.0009200000000000319,-1
-0.0070999999999998842,-0.0043800000000000505,1
-0.0053000000000000824,0.0050400000000001555,-1
0.00066000000000010495,-0.00031000000000003247,1
0.004730000000000123,0.0023100000000000342,1
0.0020000000000000018,0.0020000000000000018,-1
0.004310000000000036,-0.00080000000000013394,-1
0.0011999999999998678,-0.0025999999999999357,-1
-0.0034000000000000696,-0.0099000000000000199,-1
-0.012499999999999956,-0.0029299999999998771,-1
-0.012829999999999897,-0.0012700000000001044,-1
-0.0041999999999999815,-0.0053000000000000824,1
-0.0065700000000001868,0.008599999999999941,1
0.0032999999999998586,0.013200000000000101,1
0.021800000000000042,0.0040000000000000036,-1
0.017200000000000104,-0.0016700000000000603,-1
0.0023299999999999432,-0.0048299999999998899,1
-0.0064999999999999503,0.0043999999999999595,-1
-0.00042999999999993044,-0.0068999999999999062,-1
-0.0024999999999999467,-0.0048000000000001375,1
-0.011700000000000044,0.020499999999999963,1
0.015699999999999825,0.0040999999999999925,-1
0.024599999999999955,-0.0030999999999998806,1
0.0010000000000001119,9.9999999999988987e-05,-1
-0.0029999999999998916,-0.0032000000000000917,-1
-0.0031000000000001027,-0.0060999999999999943,-1
-0.009300000000000086,-0.0014999999999998348,-1
-0.0075999999999998291,-0.0014400000000001079,1
-0.0029399999999999427,0.0057400000000000784,-1
0.0042999999999999705,-0.0014000000000000679,-1
0.0043400000000000105,-0.0032000000000000917,1
-0.0046000000000001595,0.0069000000000001283,-1
0.0037000000000000366,-0.0021999999999999797,-1
0.0047000000000001485,-8.9999999999923475e-05,1
-0.0022899999999999032,0.0013899999999997803,1
0.0012999999999998568,0.012400000000000189,1
0.013789999999999969,0.0058999999999997943,1
0.018299999999999983,0.0034000000000000696,-1
0.0092999999999998639,-0.0051999999999998714,-1
-0.0017999999999998018,-0.00060000000000015596,-1
-0.0058000000000000274,-0.00079999999999991189,1
-0.0014000000000000679,0.0065999999999999392,-1
0.0058000000000000274,-0.0033000000000000806,1
0.0032999999999998586,0.00050000000000016698,1
-0.0027999999999999137,0.0038199999999999346,-1
0.0043200000000001015,-1.9999999999908979e-05,1
0.0038000000000000256,0.0012899999999997913,-1
0.0012699999999998823,-0.0052399999999999114,1
-0.0039500000000001201,0.0066700000000001758,1
0.0014300000000002644,0.0030199999999998006,1
0.0096899999999999764,0.018430000000000168,-1
0.021449999999999969,-0.0019700000000000273,-1
0.016460000000000141,-0.0037000000000000366,1
-0.0056700000000000639,0.0092999999999998639,1
0.0055999999999998273,0.0047000000000001485,1
0.014000000000000012,0.00869999999999993,1
0.013400000000000079,0.01419999999999999,-1
0.02289999999999992,-0.0013499999999999623,-1
0.012850000000000028,-0.0001500000000000945,-1
-0.0015000000000000568,-0.0069999999999998952,1
-0.0071499999999999897,0.00029999999999996696,-1
-0.0066999999999999282,-0.0080999999999999961,1
-0.0078000000000000291,0.0015000000000000568,-1
-0.0065999999999999392,-0.0012200000000002209,-1
0.00027999999999983594,-0.0036799999999996835,-1
-0.0048999999999999044,-0.0026000000000001577,-1
-0.0062799999999998413,-0.0030999999999998806,1
-0.0057000000000000384,0.0039999999999997815,-1
0.00089999999999990088,-0.0055999999999998273,-1
-0.0016000000000000458,-0.0049799999999999844,1
-0.010579999999999812,0.0079799999999998761,1
0.0029999999999998916,0.0029000000000001247,-1
0.010880000000000001,-0.00080000000000013394,1
0.0020999999999999908,0.010900000000000132,1
0.010099999999999998,0.0020999999999999908,-1
0.013000000000000123,-0.0022900000000001253,-1
-0.00019000000000013451,-0.0049099999999999699,-1
-0.0072000000000000952,-0.0082999999999999741,-1
-0.013209999999999944,-0.0033000000000000806,1
-0.011600000000000055,0.0079000000000000181,1
0.0045999999999999375,0.0022999999999999687,-1
0.010199999999999987,-0.0018199999999999328,1
0.00048000000000003595,0.0011200000000000099,1
-0.00069999999999992291,0.015200000000000102,1
0.016320000000000112,0.0019000000000000128,-1
0.017100000000000115,-0.0048000000000001375,-1
-0.0029000000000001247,-0.0043999999999999595,-1
-0.009200000000000097,-0.000260000000000149,1
-0.0046600000000001085,0.0042600000000001526,-1
0.0040000000000000036,-0.0080999999999999961,-1
-0.0038399999999998435,-0.0014000000000000679,-1
-0.0095000000000000639,-0.0027999999999999137,-1
-0.0041999999999999815,-0.00019999999999997797,-1
-0.0029999999999998916,-0.0017500000000001403,-1
-0.0019500000000001183,-0.0019499999999998963,1
-0.0037000000000000366,0.0059000000000000163,-1
0.0039500000000001201,-0.00049999999999994493,-1
0.0054000000000000714,-0.0012000000000000899,-1
-0.0017000000000000348,-0.010799999999999921,-1
-0.012000000000000011,-0.0013900000000000023,-1
-0.012189999999999923,-0.0026100000000000012,1
-0.0040000000000000036,0.0017000000000000348,-1
-0.00090999999999996639,-0.0042999999999999705,-1
-0.0025999999999999357,-0.0024000000000001798,-1
-0.0067000000000001503,-0.0037000000000000366,1
-0.0061000000000002164,0.0011000000000001009,-1
-0.0025999999999999357,-0.0012000000000000899,-1
-9.9999999999988987e-05,-0.00029999999999996696,1
-0.0015000000000000568,0.0030000000000001137,1
0.0027000000000001467,0.0046999999999999265,-1
0.0077000000000000401,-0.0044999999999999485,1
0.00019999999999997797,0.0021399999999998087,1
-0.0023600000000001398,0.0053600000000000314,1
0.0074999999999998401,0.00040000000000017799,1
0.0057600000000002094,0.0014000000000000679,1
0.0018000000000002458,0.0051999999999998714,1
0.0065999999999999392,0.009400000000000075,-1
0.014599999999999946,-0.00032999999999994145,-1
0.0090700000000001335,-0.00017000000000022553,-1
-0.00050000000000016698,-0.0028999999999999027,1
-0.0030700000000001282,0.00089999999999990088,1
-0.0020000000000000018,0.0027000000000001467,1
0.0036000000000000476,0.0024999999999999467,-1
0.0052000000000000934,-0.00073999999999996291,1
0.0017599999999999838,0.0056399999999998673,1
0.0048999999999999044,0.0040999999999999925,-1
0.0097399999999998599,-0.0026999999999999247,-1
0.0014000000000000679,-0.0099000000000000199,-1
-0.012599999999999945,-0.0038000000000000256,-1
-0.013700000000000045,-0.0022799999999998377,1
-0.0060799999999998633,0.0033799999999999386,1
0.0011000000000001009,0.0063999999999999613,1
0.0097799999999998999,0.0067999999999999172,1
0.013199999999999878,0.00040000000000017799,1
0.0072000000000000952,0.0080000000000000071,1
0.0084000000000001851,0.00093999999999994088,-1
0.008939999999999948,-0.00014000000000002899,1
0.00079999999999991189,0.0062999999999999723,-1
0.0061599999999999433,0.0,1
0.0062999999999999723,0.0016000000000000458,-1
0.0016000000000000458,-0.0060000000000000053,-1
-0.0043999999999999595,-0.00031000000000003247,-1
-0.0063100000000000378,-0.00031000000000003247,-1
-0.00062000000000006494,-4.0000000000040004e-05,1
-0.00035000000000007248,0.004690000000000083,1
0.004650000000000043,0.0011799999999999589,-1
0.0058700000000000419,-0.0019599999999999618,1
-0.00078000000000000291,0.0010600000000000609,-1
-0.00089999999999990088,-0.004170000000000007,1
-0.0031099999999999461,0.0012499999999999734,-1
-0.0029200000000000337,-0.0011000000000001009,-1
0.00014999999999987246,-0.013749999999999929,1
-0.01485000000000003,0.0031399999999999206,-1
-0.010610000000000008,-0.0012399999999999078,1
0.0019000000000000128,0.0047600000000000975,-1
0.0035200000000001896,-0.0034500000000001751,-1
0.0013099999999999223,-0.0016899999999999693,1
-0.0051400000000001445,0.020700000000000163,1
0.019010000000000193,0.0065199999999998592,1
0.027220000000000022,0.0022200000000001108,1
0.00873999999999997,0.0021999999999999797,-1
0.0044200000000000905,-0.0075200000000001932,-1
-0.0053200000000002134,-0.0016199999999999548,1
-0.009140000000000148,0.0084200000000000941,-1
0.0068000000000001393,-0.0052300000000000679,-1
0.0031900000000000261,-0.00028999999999990145,-1
-0.0055199999999999694,-0.00056000000000011596,1
-0.00085000000000001741,0.00090000000000012292,-1
0.00034000000000000696,-0.00039000000000011248,1
0.00051000000000001044,0.0058800000000001074,1
0.0054899999999999949,0.0083100000000000396,1
0.014190000000000147,0.0005499999999998284,-1
0.008859999999999868,-0.00096000000000007191,1
-0.0004100000000002435,0.0035899999999999821,1
0.0026299999999999102,0.0076000000000000512,1
0.011190000000000033,0.0010499999999999954,1
0.0086500000000000465,0.0077700000000000546,-1
0.00882000000000005,-0.00099999999999988987,-1
0.0067700000000001648,-0.013210000000000166,1
-0.014210000000000056,0.0069700000000001427,-1
-0.0062400000000000233,-0.0061499999999998778,-1
0.00082000000000026496,-0.012450000000000072,-1
-0.01859999999999995,-0.0031700000000001172,1
-0.015620000000000189,0.0001100000000000545,1
-0.0030600000000000627,0.0039100000000000801,1
0.0040200000000001346,0.0048399999999999554,-1
0.0087500000000000355,-0.00018000000000006899,-1
0.0046599999999998865,-0.0090699999999999115,-1
-0.0092499999999999805,0.0,-1
-0.0090699999999999115,-0.0021900000000001363,1
-0.0021900000000001363,0.0010900000000000354,1
-0.0011000000000001009,0.0038000000000000256,-1
0.004890000000000061,-0.010599999999999943,-1
-0.0067999999999999172,-0.009200000000000097,-1
-0.01980000000000004,-0.00029999999999996696,1
-0.0095000000000000639,0.00042999999999993044,-1
0.00012999999999996348,-0.012929999999999886,-1
-0.012499999999999956,-0.00019999999999997797,1
-0.013129999999999864,0.0076000000000000512,-1
0.0074000000000000732,-0.0080999999999999961,-1
-0.00049999999999994493,-0.0033000000000000806,-1
-0.011400000000000077,-0.00063999999999997392,1
-0.0039400000000000546,0.00090999999999996639,1
0.00026999999999999247,0.0025299999999999212,-1
0.0034399999999998876,-0.0084299999999999375,1
-0.0059000000000000163,0.014050000000000118,-1
0.0056200000000001804,-0.010560000000000125,-1
0.0034899999999999931,-0.0013399999999998968,1
-0.011900000000000022,0.0058099999999998708,-1
0.004469999999999974,-0.0018400000000000638,-1
0.003969999999999807,-0.0067099999999999937,1
-0.0085500000000000576,0.0042300000000001781,1
-0.0024799999999998157,0.0072499999999999787,-1
0.011480000000000157,-0.018380000000000063,1
-0.011130000000000084,0.0066200000000000703,-1
-0.011759999999999993,-0.009100000000000108,1
-0.0024800000000000377,0.0077000000000000401,-1
-0.0014000000000000679,-0.0050000000000001155,1
0.0026999999999999247,0.009400000000000075,1
0.0043999999999999595,0.0031600000000000517,-1
0.012560000000000127,-0.017260000000000053,1
-0.014100000000000001,0.00090000000000012292,-1
-0.01635999999999993,-0.0077000000000000401,1
-0.0067999999999999172,0.0036000000000000476,1
-0.0040999999999999925,0.00029999999999996696,-1
0.0039000000000000146,-0.0011799999999999589,1
-0.0008799999999999919,0.0042799999999998395,-1
0.0030999999999998806,-0.0029600000000000737,1
0.0013199999999997658,0.0029600000000000737,1
0.0,0.008760000000000101,1
0.011720000000000175,0.0073299999999998366,-1
0.016089999999999938,-0.0018199999999997107,1
0.0055100000000001259,0.0017399999999998528,1
-7.9999999999857963e-05,0.0074100000000001387,-1
0.0091499999999999915,-0.0012500000000001954,1
0.0061599999999999433,0.0029799999999999827,1
0.0017299999999997873,0.00032000000000009798,-1
0.0033000000000000806,-0.00062000000000006494,-1
-0.00029999999999996696,-0.0063400000000000123,1
-0.0069600000000000772,0.014390000000000125,-1
0.0080500000000001126,-0.014660000000000117,1
-0.00026999999999999247,0.0019299999999999873,1
-0.01273000000000013,0.0009200000000000319,-1
0.0028500000000000192,-0.0001500000000000945,1
0.0007699999999999374,0.00088000000000021394,-1
0.00073000000000011944,-0.0068099999999999827,1
-0.0059299999999997688,0.0016199999999997328,-1
-0.00519000000000025,-0.00031999999999987594,1
0.0012999999999998568,0.0022100000000000453,1
0.0018900000000001693,0.0007299999999998974,1
0.0029399999999999427,0.0056400000000000894,1
0.0063699999999999868,0.0069699999999999207,1
0.01261000000000001,0.0011600000000000499,-1
0.0081299999999999706,-0.011390000000000011,1
-0.010229999999999961,0.0053099999999999259,1
-0.0060800000000000853,0.0003300000000001635,-1
0.0056400000000000894,-0.0044999999999999485,1
-0.004169999999999785,0.00019999999999997797,1
-0.0042999999999999705,0.0074000000000000732,-1
0.0076000000000000512,-0.011080000000000201,-1
-0.0036800000000001276,-0.0056399999999998673,-1
-0.016720000000000068,-0.0017500000000001403,1
-0.0073900000000000077,0.00079000000000006843,-1
-0.00096000000000007191,-0.0055400000000001004,-1
-0.004750000000000032,-0.0037399999999998546,1
-0.009279999999999955,8.9999999999923475e-05,-1
-0.0036499999999999311,-0.004610000000000003,-1
-0.0045200000000000795,-0.00062999999999990841,1
-0.0052399999999999114,0.0059599999999999653,1
0.0053300000000000569,0.0029500000000000082,-1
0.0089099999999999735,-0.0077499999999999236,1
-0.0047999999999999154,0.0080499999999998906,1
0.00029999999999996696,0.0009200000000000319,1
0.0089699999999999225,0.00038000000000004697,-1
0.0013000000000000789,-0.00019000000000013451,-1
0.00018999999999991246,-0.008939999999999948,1
-0.0091300000000000825,0.010210000000000052,1
0.0012700000000001044,0.0095299999999998164,-1
0.019739999999999869,-0.0044999999999999485,-1
0.0050299999999998679,-0.00024000000000001798,1
-0.0047399999999999665,0.0075700000000000767,1
0.0073300000000000587,0.00014000000000002899,1
0.0077100000000001057,0.0014799999999999258,1
0.0016199999999999548,0.015590000000000215,-1
0.017070000000000141,-0.0021800000000002928,-1
0.013409999999999922,-0.0018099999999998673,1
-0.0039900000000001601,0.0050400000000001555,1
0.0032300000000002882,0.0059099999999998598,1
0.010950000000000015,0.0032200000000000006,1
0.0091299999999998604,0.0014499999999999513,-1
0.004669999999999952,-0.0015600000000000058,1
-0.0001100000000000545,0.0011399999999999189,1
-0.00042000000000008697,0.00075000000000002842,1
0.0018899999999999473,0.0031099999999999461,-1
0.0038599999999999746,-0.011139999999999928,-1
-0.0080299999999999816,-0.0053700000000000969,-1
-0.016510000000000025,-0.010569999999999746,-1
-0.015939999999999843,-0.0015899999999999803,1
-0.012159999999999727,0.0028599999999998627,-1
0.0012699999999998823,-0.0059700000000000308,-1
-0.0031100000000001682,-0.0059000000000000163,1
-0.011870000000000047,0.0020000000000000018,-1
-0.0039000000000000146,-0.0026699999999999502,-1
-0.00066999999999994841,-0.0001500000000000945,1
-0.0028200000000000447,0.0059800000000000963,-1
0.0058300000000000018,-0.0093099999999999294,1
-0.0033299999999998331,0.0046199999999998465,-1
-0.004690000000000083,-0.012859999999999872,-1
-0.0082400000000000251,-0.0059900000000001619,-1
-0.018850000000000033,-0.0019699999999998052,1
-0.0079599999999999671,0.004769999999999941,-1
0.0028000000000001357,-0.0083800000000000541,1
-0.0036100000000001131,0.033979999999999899,-1
0.025599999999999845,-0.0029699999999999172,-1
0.031009999999999982,-0.0019299999999999873,-1
-0.0048999999999999044,-0.00066999999999994841,-1
-0.0025999999999999357,-0.00028000000000005798,1
-0.00095000000000000639,0.008999999999999897,-1
0.008719999999999839,-0.0031599999999998296,-1
0.0058400000000000674,-0.00075999999999987189,1
-0.0039199999999997015,0.0030899999999998151,1
0.0023299999999999432,0.0018400000000000638,1
0.0049299999999998789,0.0031600000000000517,1
0.0050000000000001155,0.0031600000000000517,-1
0.0063200000000001033,-0.0030800000000001937,1
7.9999999999857963e-05,0.0083200000000001051,-1
0.0052399999999999114,-0.00029999999999996696,1
0.0080200000000001381,0.0014999999999998348,-1
0.0011999999999998678,-0.0022399999999997977,1
-0.00073999999999996291,0.00024999999999986144,1
-0.0019899999999999363,0.0034799999999999276,-1
0.003729999999999789,-0.0089099999999999735,1
-0.0054300000000000459,0.0069900000000000517,-1
-0.0019199999999999218,-0.00042999999999993044,-1
0.0065600000000001213,-0.0019500000000001183,1
-0.0023800000000000487,0.004970000000000141,1
0.0030200000000000227,0.0032600000000000406,1
0.0082300000000001816,0.0039299999999999891,-1
0.0071900000000000297,-0.0039500000000001201,-1
-2.0000000000131024e-05,-0.00012999999999996348,-1
-0.0040800000000000836,-0.0046999999999999265,-1
-0.0048299999999998899,-0.0026400000000001977,-1
-0.0073400000000001242,-2.9999999999974492e-05,1
-0.0026700000000001722,0.0085700000000001886,-1
0.0085400000000002141,-0.0023999999999999577,1
0.0061700000000002309,0.00026999999999977042,1
-0.0021300000000001873,0.000480000000000258,1
0.00075000000000002842,0.008679999999999799,-1
0.009160000000000057,-0.0079599999999999671,1
0.00071999999999983189,0.0014300000000000423,1
-0.0065299999999999248,0.0024699999999999722,1
0.0039000000000000146,0.00068000000000001393,-1
0.0031499999999999861,-0.0008799999999999919,1
-0.00019999999999997797,0.0012799999999999478,-1
0.00039999999999995595,-0.0055999999999998273,-1
-0.0043199999999998795,-0.0098000000000000309,-1
-0.015399999999999858,-0.0016700000000002824,-1
-0.011470000000000313,-0.0013599999999998058,-1
-0.0030300000000000882,-0.0017300000000000093,-1
-0.0030899999999998151,-0.0017300000000000093,1
-0.0034600000000000186,0.0027399999999999647,-1
0.0010099999999999554,-0.0080000000000000071,1
-0.0052600000000000424,0.0059299999999999908,-1
-0.0020700000000000163,-0.00066000000000010495,1
0.0052699999999998859,0.0083600000000001451,1
0.0077000000000000401,0.0011700000000001154,1
0.0095300000000002605,0.0046399999999999775,-1
0.0058100000000000929,-0.0015300000000002534,-1
0.0031099999999997241,-6.999999999979245e-05,1
-0.0016000000000000458,0.0060599999999999543,-1
0.0059900000000001619,-0.0022999999999999687,1
0.0037599999999999856,0.0021199999999998997,1
-0.00018000000000006899,0.016680000000000028,1
0.018799999999999928,0.0010000000000001119,-1
0.01768000000000014,-0.00065000000000003944,1
0.00035000000000007248,0.0006199999999998429,-1
-3.0000000000196536e-05,-0.0036199999999997345,-1
-0.0029999999999998916,-0.0023800000000002708,1
-0.0060000000000000053,0.0044000000000001815,-1
0.0020199999999999108,-0.0029600000000000737,1
0.0014400000000001079,0.0034600000000000186,-1
0.00049999999999994493,-0.0027800000000000047,1
0.00068000000000001393,0.0029399999999999427,-1
0.00015999999999993797,-8.9999999999923475e-05,1
0.0028500000000000192,0.0067099999999999937,1
0.0066200000000000703,0.0032900000000000151,-1
0.010000000000000009,-0.0067200000000000593,1
-0.0034300000000000441,0.0012800000000001699,1
-0.0054399999999998894,0.0012399999999999078,1
0.0025200000000000777,0.0018199999999999328,-1
0.0030599999999998406,-0.0080599999999999561,1
-0.0062400000000000233,0.00080000000000013394,1
-0.0072599999999998222,0.0015999999999998238,1
0.0023999999999999577,0.0012500000000001954,1
0.0028500000000000192,0.00016999999999978144,-1
0.0014199999999999768,-0.0035799999999999166,1
-0.0034100000000001351,9.9999999999988987e-05,1
-0.0034799999999999276,0.014639999999999986,1
0.014739999999999975,0.0017200000000001658,-1
0.016360000000000152,-0.00043000000000015248,-1
0.0012900000000000134,-0.00090000000000012292,1
-0.0013300000000002754,0.010620000000000074,1
0.0097199999999999509,1.0000000000065512e-05,1
0.010630000000000139,0.0023400000000000087,1
0.0023500000000000743,0.00016999999999978144,1
0.0025099999999997902,9.0000000000145519e-05,-1
0.00025999999999992696,-0.0016300000000000203,-1
-0.0015399999999998748,-0.0045399999999999885,-1
-0.0061700000000000088,-0.0019000000000000128,-1
-0.0064400000000000013,-0.014469999999999983,-1
-0.016369999999999996,-0.0091900000000000315,1
-0.023660000000000014,0.00048999999999987942,1
-0.0087000000000001521,0.0023200000000000998,-1
0.0028099999999999792,-0.004310000000000036,1
-0.0019899999999999363,0.004530000000000145,-1
0.000220000000000109,-0.010850000000000026,-1
-0.0063199999999998813,-0.004170000000000007,-1
-0.015020000000000033,-0.0021100000000000563,1
-0.0062800000000000633,0.0061600000000001653,1
0.0040500000000001091,0.0030099999999999572,1
0.0091700000000001225,0.0046600000000001085,-1
0.0076700000000000657,-0.0038600000000001966,1
0.00079999999999991189,0.0050499999999999989,-1
0.0011899999999998023,-0.0014300000000000423,1
0.0036199999999999566,0.0019599999999999618,1
0.00052999999999991942,0.0062300000000001798,-1
0.0081900000000001416,-0.013360000000000039,1
-0.0071299999999998587,0.004089999999999927,1
-0.0092700000000001115,0.008539999999999992,-1
0.012629999999999919,-0.00055000000000005045,-1
0.0079899999999999416,-0.0017699999999998273,1
-0.0023199999999998777,0.0033399999999998986,1
0.0015700000000000713,0.00063999999999997392,1
0.0039799999999998725,0.0029299999999998771,-1
0.0035699999999998511,-0.0013499999999999623,-1
0.0015799999999999148,-0.00042999999999993044,-1
-0.0017799999999998928,-0.0042999999999999705,1
-0.004729999999999901,0.005010000000000181,-1
0.00071000000000021046,-0.00066000000000010495,1
0.004350000000000076,0.0083499999999998575,1
0.0076899999999997526,0.0036100000000001131,1
0.011959999999999971,0.00017000000000000348,1
0.0037800000000001166,0.0030400000000001537,1
0.0032100000000001572,0.0027299999999998992,1
0.0057700000000000529,0.0020899999999999253,-1
0.0048199999999998244,-0.0035499999999999421,-1
-0.0014600000000000168,-0.00081000000000019945,-1
-0.0043600000000001415,-0.00037999999999982492,1
-0.0011900000000000244,0.0022999999999999687,1
0.0019200000000001438,0.00085000000000001741,-1
0.0031499999999999861,-0.0086700000000001776,-1
-0.0078200000000001602,-0.0026899999999998592,1
-0.011360000000000037,0.0016000000000000458,1
-0.0010899999999998133,0.00059999999999993392,1
0.0021999999999999797,0.0019500000000001183,-1
0.0025500000000000522,-0.0021700000000000053,-1
-0.00021999999999988695,-0.00074000000000018495,1
-0.0029100000000001902,0.0026300000000001322,1
0.0018899999999999473,0.0050600000000000644,1
0.0076900000000001967,0.00062999999999990841,1
0.0056899999999999729,0.0056700000000000639,-1
0.0062999999999999723,-0.0062999999999999723,1
-0.00062999999999990841,0.0015399999999998748,-1
-0.0047600000000000975,-0.0094999999999998419,-1
-0.0079599999999999671,-0.0077000000000000401,1
-0.017199999999999882,0.00073999999999996291,1
-0.0069600000000000772,0.0033600000000000296,-1
0.0040999999999999925,-0.0012199999999999989,-1
0.0021400000000000308,-0.0045800000000000285,1
-0.0058000000000000274,0.0034899999999999931,1
-0.0010900000000000354,0.0061400000000000343,1
0.0096300000000000274,0.00042999999999993044,-1
0.0065699999999999648,-0.00032000000000009798,-1
0.00010999999999983245,-0.00015999999999993797,-1
-0.00048000000000003595,-0.0067800000000000082,1
-0.0069399999999999462,0.0016100000000001113,-1
-0.0051699999999998969,-0.0076900000000001967,-1
-0.0060800000000000853,-0.0011299999999998533,1
-0.00882000000000005,0.0018700000000000383,1
0.00074000000000018495,0.0011399999999999189,-1
0.0030099999999999572,-0.0013199999999999878,1
-0.00018000000000006899,0.014389999999999903,-1
0.013069999999999915,-0.0011499999999999844,1
0.013239999999999919,0.0010099999999999554,-1
-0.00014000000000002899,-0.0012499999999999734,-1
-0.00024000000000001798,-0.0020000000000000018,1
-0.0032499999999999751,0.0003300000000001635,-1
-0.0016699999999998383,-0.01002000000000014,-1
-0.0096899999999999764,-0.0070399999999999352,1
-0.017060000000000075,4.0000000000040004e-05,1
-0.0069999999999998952,0.0035100000000001241,-1
0.0035500000000001641,-0.00066000000000010495,1
0.0028500000000000192,0.0018100000000000893,1
0.0011499999999999844,0.0058099999999998708,1
0.0076199999999999601,0.0043199999999998795,-1
0.01012999999999975,-0.0016599999999999948,1
0.0026599999999998847,0.0026400000000001977,-1
0.00098000000000020293,-0.00082000000000004292,-1
0.0018200000000001548,-0.004890000000000061,1
-0.0057100000000001039,0.008839999999999959,1
0.003949999999999898,0.0016200000000001769,1
0.010460000000000136,0.0011799999999999589,-1
0.0028000000000001357,-2.9999999999974492e-05,1
0.0011499999999999844,0.0056799999999999073,-1
0.0056499999999999329,-0.0031399999999999206,-1
0.0025399999999999867,-0.00087000000000014843,1
-0.0040100000000000691,0.0017100000000001003,-1
0.0008399999999999519,-2.9999999999974492e-05,-1
0.0016800000000001258,-0.00026999999999999247,1
-0.00029999999999996696,0.0011099999999999444,-1
0.0008399999999999519,-0.0064800000000000413,1
-0.0053700000000000969,0.0025300000000001432,1
-0.003949999999999898,0.0093199999999997729,-1
0.011849999999999916,-0.0025299999999999212,-1
0.0067899999999998517,-0.0038799999999998835,1
-0.0064099999999998047,0.00063999999999997392,-1
-0.0032399999999999096,-0.0010099999999999554,1
-0.00036999999999998145,0.013169999999999904,1
0.012159999999999949,0.0012600000000000389,1
0.014429999999999943,0.00014999999999987246,-1
0.0014099999999999113,-0.00017999999999984695,-1
-2.9999999999974492e-05,-0.0019400000000000528,1
-0.0021199999999998997,0.0046199999999998465,-1
0.0026799999999997937,-0.0037499999999999201,1
0.00086999999999992639,0.004690000000000083,-1
0.00094000000000016293,-0.00026999999999999247,1
0.0044200000000000905,0.0016100000000001113,1
0.0013400000000001189,0.00038999999999989043,-1
0.0020000000000000018,-0.011109999999999953,-1
-0.010720000000000063,-0.0039400000000000546,1
-0.015050000000000008,0.0013900000000000023,1
-0.0025500000000000522,0.00043999999999999595,1
0.0018299999999999983,0.003949999999999898,-1
0.004389999999999894,-0.0016499999999999293,-1
0.0022999999999999687,-0.0034300000000000441,-1
-0.0050799999999999734,-0.004469999999999974,1
-0.0079000000000000181,0.0011300000000000754,1
-0.0033399999999998986,0.0001100000000000545,1
0.0012400000000001299,0.0020499999999998852,1
0.0021599999999999397,0.0019599999999999618,-1
0.004009999999999847,-0.0026800000000000157,-1
-0.00072000000000005393,-0.0043999999999999595,-1
-0.0070799999999999752,-0.0019200000000001438,1
-0.0063200000000001033,2.0000000000131024e-05,1
-0.0019000000000000128,0.0038400000000000656,1
0.0038600000000001966,0.0050699999999999079,1
0.0089099999999999735,0.0059800000000000963,1
0.011050000000000004,0.0033999999999998476,-1
0.0093799999999999439,-0.00017999999999984695,-1
0.0032200000000000006,-0.0037599999999999856,-1
-0.0039399999999998325,-0.0031700000000001172,-1
-0.0069300000000001027,-0.00045999999999990493,1
-0.0036300000000000221,0.0013000000000000789,-1
0.00084000000000017394,-0.0013199999999999878,-1
-1.9999999999908979e-05,-0.00018000000000006899,1
-0.0015000000000000568,0.00052999999999991942,-1
0.00034999999999985043,-0.0022599999999999287,1
-0.0017300000000000093,0.0015499999999999403,1
-0.00070999999999998842,0.0010200000000000209,1
0.0025699999999999612,0.0013399999999998968,1
0.0023599999999999177,0.000260000000000149,1
0.0016000000000000458,0.00056999999999995943,1
0.00083000000000010843,0.0012900000000000134,-1
0.0018599999999999728,-0.0038900000000001711,1
-0.0026000000000001577,0.0055200000000001914,1
0.0016300000000000203,0.00017999999999984695,1
0.0057000000000000384,0.00016000000000016001,1
0.00034000000000000696,1.0000000000065512e-05,1
0.00017000000000022553,0.00031999999999987594,1
0.00032999999999994145,0.0054400000000001114,-1
0.0057599999999999874,-0.0018700000000000383,-1
0.0035700000000000731,-0.0067800000000000082,-1
-0.0086500000000000465,-0.0082800000000000651,1
-0.015060000000000073,4.9999999999883471e-05,-1
-0.0082300000000001816,-0.00049999999999994493,-1
-0.00045000000000006146,-0.004769999999999941,1
-0.0052699999999998859,0.00097999999999998089,-1
-0.0037899999999999601,-5.9999999999948983e-05,-1
0.0009200000000000319,-0.0023800000000000487,1
-0.0024399999999999977,0.0009900000000000464,1
-0.0013900000000000023,0.00093999999999994088,-1
0.0019299999999999873,-0.00090999999999996639,-1
2.9999999999974492e-05,-0.0021499999999998742,-1
-0.0030599999999998406,-0.0028600000000000847,-1
-0.0050099999999999589,-0.0028999999999999027,1
-0.0057599999999999874,0.00035999999999991594,1
-0.0025399999999999867,0.0024299999999999322,-1
0.0027899999999998482,-0.0018499999999999073,-1
0.00058000000000002494,-0.0041600000000001636,1
-0.0060100000000000708,0.0010600000000000609,1
-0.0031000000000001027,0.0028500000000000192,-1
0.0039100000000000801,-0.00025000000000008349,-1
0.0025999999999999357,-0.0032200000000000006,1
-0.0034700000000000841,0.0024500000000000632,-1
-0.0007699999999999374,-0.0018599999999999728,1
0.00059000000000009045,0.0058000000000000274,-1
0.0039400000000000546,-0.0018599999999999728,1
0.0039400000000000546,0.00059999999999993392,-1
-0.0012600000000000389,-0.0055399999999998784,-1
-0.0049399999999999444,-0.0053100000000001479,-1
-0.010850000000000026,-0.00035999999999991594,1
-0.0056700000000000639,0.0015000000000000568,-1
0.0011400000000001409,-0.0013000000000000789,-1
0.00019999999999997797,-0.00017000000000000348,1
-0.0014700000000000824,0.0039700000000000291,-1
0.0038000000000000256,-0.0026900000000000812,1
0.0012799999999999478,0.0040900000000001491,1
0.0014000000000000679,0.0020499999999998852,-1
0.0061400000000000343,-0.0011299999999998533,-1
0.0009200000000000319,-0.00078000000000022496,1
-0.0019100000000000783,0.00091000000000018844,1
0.00012999999999996348,0.0005799999999998029,1
0.0014899999999999913,0.0021999999999999797,-1
0.0027799999999997826,-0.0016399999999998638,1
0.00056000000000011596,0.0036000000000000476,-1
0.0019600000000001838,-0.00042000000000008697,1
0.0031799999999999606,0.0048200000000000465,-1
0.0043999999999999595,-0.0011300000000000754,-1
0.0036899999999999711,-0.0026899999999998592,-1
-0.0038199999999999346,-0.004450000000000065,-1
-0.0071399999999999242,-0.0014499999999999513,-1
-0.0059000000000000163,-0.00062000000000006494,1
-0.0020700000000000163,0.0017700000000000493,1
0.0011499999999999844,0.0010900000000000354,1
0.0028600000000000847,0.0026599999999998847,-1
0.0037499999999999201,-0.0039199999999999235,1
-0.0012600000000000389,0.00034000000000000696,-1
-0.0035799999999999166,-0.00051000000000023249,1
-0.00017000000000022553,0.0019400000000002748,-1
0.0014300000000000423,-0.0051000000000001044,-1
-0.0031599999999998296,-0.0042599999999999305,-1
-0.009360000000000035,-0.00096000000000007191,1
-0.0052200000000000024,0.00062000000000006494,1
-0.00034000000000000696,0.00055999999999989392,-1
0.0011799999999999589,-0.00081999999999982087,-1
-0.00025999999999992696,-0.0055400000000001004,-1
-0.0063599999999999213,-0.00055999999999989392,1
-0.0060999999999999943,0.00039999999999995595,-1
-0.00015999999999993797,-0.0035899999999999821,-1
-0.0031900000000000261,-5.0000000000105516e-05,1
-0.0036400000000000876,0.00085000000000001741,-1
0.00079999999999991189,-0.0027500000000000302,-1
-0.0019000000000000128,-0.0015199999999999658,-1
-0.004269999999999996,-0.00057000000000018147,1
-0.0020900000000001473,0.0040900000000001491,-1
0.0035199999999999676,-0.00019000000000013451,-1
0.0039000000000000146,-0.00062999999999990841,-1
-0.00082000000000004292,-0.0050200000000000244,1
-0.0056499999999999329,0.00083000000000010843,-1
-0.004189999999999916,-0.0022400000000000198,1
-0.0014099999999999113,0.0052900000000000169,-1
0.0030499999999999972,-0.00058999999999986841,-1
0.0047000000000001485,-0.0022100000000000453,-1
-0.0027999999999999137,-0.0017400000000000748,1
-0.0039500000000001201,8.9999999999923475e-05,-1
-0.0016500000000001513,-0.00044999999999983942,1
-0.00035999999999991594,0.0037899999999999601,-1
0.0033400000000001207,-0.00096000000000007191,-1
0.0028299999999998882,-0.0029299999999998771,-1
-0.0038899999999999491,-0.0039800000000003166,-1
-0.0069100000000001938,-0.0061299999999997468,1
-0.010110000000000063,0.0019499999999998963,-1
-0.0041799999999998505,-0.0037300000000000111,-1
-0.0017800000000001148,-0.004410000000000025,-1
-0.0081400000000000361,-0.0010999999999998789,-1
-0.0055099999999999039,-0.0016599999999999948,1
-0.0027599999999998737,0.0022399999999997977,-1
0.0005799999999998029,-0.00078999999999984638,-1
0.0014499999999999513,-0.0052000000000000934,-1
-0.0059899999999999398,-0.00052000000000007596,1
-0.0057200000000001694,0.00043000000000015248,-1
-8.9999999999923475e-05,-2.0000000000131024e-05,1
0.00041000000000002146,0.0017100000000001003,-1
0.0016899999999999693,-0.021810000000000107,1
-0.020100000000000007,0.0021300000000001873,1
-0.01967999999999992,7.0000000000014495e-05,-1
0.0022000000000002018,-0.0060800000000000853,1
-0.0060100000000000708,0.00499000000000005,-1
-0.0010900000000000354,-0.0024299999999999322,1
0.0025600000000001177,0.0005799999999998029,1
-0.0018500000000001293,0.0040999999999999925,-1
0.0046799999999997954,-0.00039999999999995595,-1
0.0037000000000000366,-0.0021199999999998997,1
-0.0025199999999998557,0.0019400000000000528,-1
-0.00017999999999984695,-0.010909999999999975,1
-0.0089699999999999225,0.0071699999999998987,-1
-0.0037400000000000766,-0.0094600000000000239,1
-0.0022900000000001253,0.0014099999999999113,1
-0.0080500000000001126,0.0010400000000001519,-1
0.0024500000000000632,-0.00013000000000018552,-1
0.00090999999999996639,-0.0072299999999998477,-1
-0.0073600000000000332,-0.0021499999999998742,-1
-0.0093799999999997219,-0.0073500000000001897,-1
-0.0095000000000000639,-0.00063999999999997392,1
-0.0079900000000001636,0.0014700000000000824,-1
0.00083000000000010843,-0.0061900000000001398,-1
-0.0047200000000000575,-0.00064999999999981739,1
-0.0068399999999999572,0.0046499999999998209,-1
0.0040000000000000036,-0.015560000000000018,1
-0.010910000000000197,3.0000000000196536e-05,1
-0.015529999999999822,0.013039999999999941,1
0.013070000000000137,0.0021699999999997832,1
0.015209999999999724,0.0075800000000001422,-1
0.0097499999999999254,-0.0052600000000000424,-1
0.0023200000000000998,-0.0060299999999997578,1
-0.0112899999999998,0.0011899999999998023,1
-0.0048399999999999554,0.0082100000000000506,-1
0.0093999999999998529,-0.0080499999999998906,1
0.00016000000000016001,0.017900000000000027,-1
0.0098500000000001364,-0.0015800000000001369,-1
0.01631999999999989,-0.004709999999999992,-1
-0.0062900000000001288,-0.0010099999999999554,1
-0.0057199999999999473,0.0046999999999999265,-1
0.0036899999999999711,-0.0080700000000000216,-1
-0.0033700000000000951,-0.0072099999999999387,1
-0.01527999999999996,0.00078000000000000291,1
-0.0064299999999999358,0.0021400000000000308,1
0.0029200000000000337,0.00052999999999991942,1
0.0026699999999999502,0.0026300000000001322,1
0.0031600000000000517,0.0034699999999998621,-1
0.0060999999999999943,-0.010560000000000125,-1
-0.0070900000000002628,-0.0022399999999997977,-1
-0.012799999999999923,-0.0088100000000002066,-1
-0.011050000000000004,-0.0019000000000000128,-1
-0.010710000000000219,-0.00096999999999991537,1
-0.0028699999999999282,0.0059400000000000563,-1
0.004970000000000141,-0.0074099999999999167,-1
-0.0014699999999998603,-0.0097400000000000819,1
-0.017149999999999999,0.0073799999999999422,1
-0.0023600000000001398,0.00062000000000006494,-1
0.0080000000000000071,-0.0034399999999998876,1
-0.0028199999999998226,0.0049699999999999189,-1
0.0015300000000000313,-0.004569999999999963,1
0.00039999999999995595,0.004389999999999894,1
-0.00018000000000006899,0.0049000000000001265,-1
0.0092900000000000205,-0.00012000000000012001,-1
0.0047800000000000065,-0.0071299999999998587,1
-0.0072499999999999787,0.0081999999999999851,1
0.0010700000000001264,0.00082999999999988638,1
0.0090299999999998715,0.00025999999999992696,-1
0.0010899999999998133,-0.015490000000000004,-1
-0.015230000000000077,-0.0016599999999999948,1
-0.017149999999999999,0.0062400000000000233,1
0.0045800000000000285,0.0045800000000000285,1
0.010820000000000052,0.0024500000000000632,-1
0.0070300000000000917,-0.004469999999999974,-1
-0.0020199999999999108,-0.0012100000000001554,-1
-0.0056800000000001294,-0.0010699999999999044,1
-0.0022800000000000598,0.0033199999999999896,-1
0.0022500000000000853,-0.0081999999999999851,-1
-0.0048799999999999955,-0.0073699999999998766,1
-0.015569999999999862,0.0071399999999999242,-1
-0.00022999999999995246,-0.010240000000000027,1
-0.0031000000000001027,0.0010399999999999299,1
-0.009200000000000097,0.0020999999999999908,1
0.0031399999999999206,0.0073200000000002152,1
0.009420000000000206,0.0092599999999998239,-1
0.016580000000000039,-0.008719999999999839,1
0.00053999999999998494,0.0066899999999998627,1
-0.0020299999999999763,0.00036999999999998145,-1
0.0070599999999998442,-0.0023199999999998777,1
-0.0019499999999998963,0.0069999999999998952,-1
0.0046800000000000175,-0.017400000000000082,-1
-0.010400000000000187,-0.004850000000000021,-1
-0.022250000000000103,-0.0059399999999998343,-1
-0.010789999999999855,-0.00042000000000008697,-1
-0.0063599999999999213,-0.00014000000000002899,-1
-0.00056000000000011596,-0.004809999999999981,1
-0.0049500000000000099,0.0020400000000000418,1
-0.0027699999999999392,0.0012199999999999989,-1
0.0032600000000000406,-0.0029700000000001392,-1
-0.0017500000000001403,-0.00095999999999984986,-1
-0.0039299999999999891,-0.0015099999999999003,1
-0.0024699999999997502,0.00075999999999987189,-1
-0.00075000000000002842,-0.0064999999999999503,-1
-0.0057400000000000784,-0.0009200000000000319,-1
-0.0074199999999999822,-0.0085500000000000576,-1
-0.0094700000000000895,-0.0054600000000000204,-1
-0.014010000000000078,-0.00089999999999990088,-1
-0.0063599999999999213,-0.0065199999999998592,-1
-0.0074199999999997601,-0.0038700000000002621,-1
-0.010390000000000121,-0.0041599999999999415,1
-0.0080300000000002036,0.0049999999999998934,1
0.0008399999999999519,0.0027700000000001612,-1
0.0077700000000000546,-0.0037599999999999856,-1
-0.00098999999999982435,-0.0055200000000001914,1
-0.009280000000000177,0.00072000000000005393,-1
-0.0048000000000001375,-0.014789999999999859,-1
-0.014069999999999805,-0.0077599999999999891,1
-0.022549999999999848,0.00024999999999986144,1
-0.0075100000000001277,0.0033500000000001862,-1
0.0036000000000000476,-0.0049200000000002575,1
-0.0015700000000000713,0.0068800000000002193,-1
0.0019599999999999618,-0.026770000000000183,-1
-0.019889999999999963,-0.014229999999999743,-1
-0.040999999999999925,-0.0062600000000001543,1
-0.020489999999999897,0.010799999999999921,1
0.0045399999999997664,0.011800000000000033,-1
0.022599999999999953,-0.0084499999999998465,1
0.0033500000000001862,0.0050699999999999079,-1
-0.0033799999999999386,-0.0051099999999999479,1
-4.0000000000040004e-05,0.0024299999999999322,1
-0.0026800000000000157,0.0031700000000001172,1
0.0056000000000000494,0.011779999999999902,-1
0.014950000000000019,-0.014010000000000078,1
-0.0022300000000001763,0.015410000000000146,-1
0.0014000000000000679,-0.015740000000000087,1
-0.00032999999999994145,2.0000000000131024e-05,1
-0.015719999999999956,0.0010900000000000354,-1
0.0011100000000001664,-0.00057000000000018147,-1
0.00051999999999985391,-0.00078000000000000291,1
-0.0013500000000001844,0.0092699999999998894,-1
0.0084899999999998865,-0.0018799999999998818,1
0.0073900000000000077,0.0013200000000002099,-1
-0.00055999999999967187,-0.0065500000000000558,1
-0.0052299999999998459,0.0071499999999999897,-1
0.00059999999999993392,-0.00044000000000021799,-1
0.0067099999999997717,-0.0033799999999999386,1
-0.0038200000000001566,0.0011300000000000754,1
-0.0022499999999998632,0.00034000000000000696,-1
0.0014700000000000824,-0.004669999999999952,1
-0.004329999999999945,0.00056999999999995943,1
-0.0040999999999999925,0.0024399999999999977,-1
0.0030099999999999572,-0.016140000000000043,-1
-0.013700000000000045,-0.00069000000000007944,-1
-0.016830000000000123,-0.0034899999999999931,1
-0.0041800000000000725,0.0016200000000001769,1
-0.0018699999999998163,0.0005799999999998029,-1
0.0021999999999999797,-0.010349999999999859,-1
-0.0097700000000000564,-0.0047399999999999665,-1
-0.015089999999999826,-0.019130000000000091,1
-0.023870000000000058,0.00041000000000002146,-1
-0.01872000000000007,-0.00096999999999991537,-1
-0.00055999999999989392,-0.012809999999999988,-1
-0.013779999999999903,-0.015910000000000091,1
-0.028720000000000079,0.0079000000000000181,-1
-0.0080100000000000726,-0.01322000000000001,-1
-0.0053199999999999914,-0.0010600000000000609,1
-0.01428000000000007,0.0087900000000000755,1
0.0077300000000000146,0.0023200000000000998,1
0.011110000000000175,0.025359999999999827,-1
0.027679999999999927,-0.017940000000000067,1
0.0074199999999997601,0.01485000000000003,1
-0.0030900000000000372,0.00075000000000002842,1
0.015600000000000058,0.011930000000000218,-1
0.012680000000000247,-0.0039800000000003166,1
0.0079499999999999016,0.0058500000000001329,-1
0.0018699999999998163,-0.0078100000000000946,1
-0.0019599999999999618,0.00039000000000011248,-1
-0.0074199999999999822,-9.9999999999988987e-05,-1
0.00029000000000012349,-0.0058599999999999763,-1
-0.0059599999999999653,-0.008939999999999948,1
-0.014799999999999924,0.0030199999999998006,1
-0.0059200000000001474,0.010620000000000074,1
0.013639999999999874,0.0085000000000001741,1
0.019120000000000248,0.004149999999999876,-1
0.01265000000000005,-0.0071099999999999497,-1
-0.0029600000000000737,-0.010650000000000048,-1
-0.017759999999999998,-0.0041600000000001636,-1
-0.014810000000000212,-0.01197999999999988,-1
-0.016140000000000043,-0.0064800000000000413,1
-0.018459999999999921,0.0013900000000002244,-1
-0.0050899999999998169,-0.0040100000000000691,1
-0.0026199999999998447,0.0078199999999999381,1
0.003809999999999869,0.0024900000000001032,1
0.010310000000000041,0.00845999999999969,1
0.010949999999999793,0.0043200000000001015,-1
0.012779999999999792,-0.00093999999999994088,-1
0.0033800000000001607,-0.0056300000000000239,-1
-0.0065699999999999648,-9.9999999998434674e-06,-1
-0.0056399999999998673,-0.0018400000000002859,1
-0.0018500000000001293,0.0096100000000001184,1
0.0077699999999998326,0.0058499999999999108,-1
0.015460000000000029,-0.00084999999999979536,1
0.0050000000000001155,0.0010399999999999299,1
0.00019000000000013451,0.0099000000000000199,1
0.01093999999999995,0.014329999999999954,1
0.024229999999999974,0.0092900000000000205,-1
0.023619999999999974,-0.0015799999999999148,-1
0.0077100000000001057,-0.00090999999999996639,-1
-0.0024899999999998812,-0.0040600000000001746,1
-0.004970000000000141,0.0034000000000000696,1
-0.00066000000000010495,0.01635999999999993,-1
0.01976,-0.010189999999999921,-1
0.0061700000000000088,-0.0033300000000000551,-1
-0.013519999999999976,-0.0010699999999999044,-1
-0.0043999999999999595,-0.0048799999999999955,1
-0.0059499999999998998,0.0066999999999999282,1
0.0018199999999999328,0.013710000000000111,1
0.020410000000000039,0.0051399999999999224,1
0.018850000000000033,0.0042800000000000615,-1
0.0094199999999999839,-0.00066999999999994841,-1
0.0036100000000001131,-0.012500000000000178,-1
-0.013170000000000126,-0.016829999999999901,-1
-0.029330000000000078,-0.0051600000000000534,1
-0.021989999999999954,0.0012699999999998823,-1
-0.0038900000000001711,-0.010629999999999917,-1
-0.009360000000000035,0.0,-1
-0.010629999999999917,-0.0023400000000000087,-1
-0.0023400000000000087,-0.009220000000000006,1
-0.011560000000000015,0.0017899999999999583,1
-0.0074300000000000477,0.0065100000000000158,1
0.0082999999999999741,0.0022100000000000453,-1
0.008720000000000061,-0.0022799999999998377,-1
-6.999999999979245e-05,-0.0040200000000001346,1
-0.0062999999999999723,0.022310000000000052,1
0.018289999999999917,0.011439999999999895,-1
0.033749999999999947,-0.0063499999999998558,-1
0.0050900000000000389,-0.009000000000000119,-1
-0.015349999999999975,-0.00092999999999987537,1
-0.0099299999999999944,0.017779999999999907,-1
0.016850000000000032,-0.00073999999999996291,1
0.017039999999999944,0.0050499999999999989,-1
0.004310000000000036,-0.0084699999999999775,1
-0.0034199999999999786,0.0028499999999997971,-1
-0.0056200000000001804,-0.004069999999999796,1
-0.0012199999999999989,0.0049399999999999444,-1
0.00087000000000014843,-0.0029899999999998261,1
0.0019500000000001183,0.0094499999999999584,1
0.0064600000000001323,0.0031299999999998551,-1
0.012579999999999814,-0.0024799999999998157,1
0.00065000000000003944,0.0011499999999999844,-1
-0.0013299999999998313,-0.0017200000000001658,-1
-0.00057000000000018147,-0.017039999999999944,1
-0.01876000000000011,0.0033799999999999386,-1
-0.013660000000000005,-0.00043999999999999595,-1
0.0029399999999999427,-0.0030900000000000372,-1
-0.0035300000000000331,-0.01790999999999987,1
-0.020999999999999908,0.022439999999999793,-1
0.004529999999999923,-0.008599999999999941,-1
0.013839999999999852,-0.008479999999999821,1
-0.017079999999999762,0.004510000000000014,1
-0.003969999999999807,0.0030899999999998151,-1
0.0075999999999998291,-0.0098199999999999399,1
-0.0067300000000001248,0.0032300000000000662,-1
-0.0065899999999998737,-0.004970000000000141,1
-0.0017400000000000748,0.0070300000000000917,-1
0.0020599999999999508,-0.00046999999999997044,1
0.0065600000000001213,0.0084500000000000686,-1
0.0079800000000000981,-0.0035100000000001241,-1
0.0049399999999999444,-0.011300000000000088,1
-0.014810000000000212,0.00058000000000002494,-1
-0.010720000000000063,-0.0053699999999998749,-1
-0.0047899999999998499,-0.0079200000000001491,-1
-0.013290000000000024,-0.0051199999999997914,1
-0.013039999999999941,0.0010599999999998388,-1
-0.0040599999999999525,-0.00096999999999991537,1
8.9999999999923475e-05,0.010699999999999932,-1
0.0097300000000000164,-0.00063000000000013046,1
0.010069999999999801,0.0054300000000002679,-1
0.0048000000000001375,-0.00072000000000005393,-1
0.004710000000000214,-0.00024000000000001798,1
-0.00096000000000007191,0.011160000000000059,-1
0.010920000000000041,-0.0023800000000002708,-1
0.008779999999999788,-0.0073599999999998111,-1
-0.0097400000000000819,-0.0057700000000000529,1
-0.013129999999999864,0.0051399999999999224,-1
-0.00063000000000013046,-0.00070999999999998842,-1
0.004429999999999934,-0.0022400000000000198,-1
-0.0029500000000000082,-0.0063799999999998303,1
-0.00861999999999985,0.0012799999999999478,1
-0.0050999999999998824,0.0024300000000001543,1
0.0037100000000001021,0.003909999999999858,-1
0.0063400000000000123,-5.9999999999948983e-05,1
0.0038499999999999091,0.0052799999999999514,1
0.0052200000000000024,0.0026100000000000012,1
0.0078899999999999526,0.011200000000000099,-1
0.0138100000000001,-0.00025000000000008349,-1
0.010950000000000015,-0.0045399999999999885,-1
-0.004790000000000072,-0.00026999999999999247,-1
-0.004809999999999981,-0.0028700000000001502,-1
-0.0031400000000001427,-0.0050799999999999734,1
-0.0079500000000001236,0.0090100000000001845,1
0.0039300000000002111,0.011709999999999887,1
0.020720000000000072,0.015519999999999978,1
0.027229999999999865,0.00031000000000003247,1
0.015830000000000011,0.020650000000000057,-1
0.02096000000000009,-0.0068799999999999972,-1
0.01377000000000006,-0.019120000000000026,-1
-0.026000000000000023,-0.0095600000000000129,-1
-0.028680000000000039,-0.0057000000000000384,1
-0.015260000000000051,0.0012900000000000134,1
-0.004410000000000025,0.0020199999999999108,1
0.0033099999999999241,0.0080200000000001381,-1
0.010040000000000049,-0.0077100000000001057,-1
0.00031000000000003247,-0.010099999999999998,1
-0.017810000000000104,0.0030100000000001792,-1
-0.0070899999999998187,-0.00052000000000007596,1
0.0024900000000001032,0.0025799999999998047,1
0.0020599999999997287,0.0036600000000002186,1
0.0062400000000000233,0.0011099999999999444,1
0.004770000000000163,0.0069200000000000372,1
0.0080299999999999816,0.0050900000000000389,1
0.012010000000000076,0.00051999999999985391,-1
0.0056099999999998929,-0.0033599999999998076,-1
-0.0028399999999999537,-0.0039000000000000146,1
-0.0072599999999998222,0.0020599999999997287,1
-0.0018400000000002859,0.012280000000000291,-1
0.014340000000000019,-0.011390000000000011,-1
0.00089000000000027946,-0.00069000000000030148,-1
-0.012080000000000313,-0.010719999999999841,-1
-0.011410000000000142,-0.0055600000000000094,1
-0.01627999999999985,0.0055700000000000749,-1
1.0000000000065512e-05,-0.0010300000000000864,1
0.0045399999999999885,0.0021100000000000563,-1
0.0010799999999999699,-0.00053999999999998494,1
0.0015700000000000713,0.0042199999999998905,1
0.0036799999999999056,0.0022500000000000853,-1
0.0064699999999999758,-0.0085299999999999265,1
-0.0062799999999998413,0.0019299999999997652,1
-0.0066000000000001613,0.0019600000000001838,-1
0.0038899999999999491,-0.0019500000000001183,1
1.0000000000065512e-05,0.0075700000000000767,-1
0.0056199999999999584,-0.0030200000000000227,1
0.004550000000000054,0.0052600000000000424,1
0.0022400000000000198,0.0069299999999998807,1
0.012189999999999923,0.00036000000000013799,-1
0.0072900000000000187,-0.00058000000000002494,1
-0.00021999999999988695,0.0030699999999999061,1
0.0024899999999998812,0.008760000000000101,-1
0.011830000000000007,-0.0098500000000001364,-1
-0.0010900000000000354,-0.0027399999999999647,1
-0.012590000000000101,0.00032999999999994145,-1
-0.0024100000000000232,-0.0024699999999997502,1
-0.0021399999999998087,0.0025399999999999867,-1
7.000000000023654e-05,-0.0011499999999999844,-1
0.0013900000000000023,-0.023479999999999945,-1
-0.02462999999999993,-0.0089200000000002611,1
-0.032400000000000206,0.00012000000000012001,1
-0.008800000000000141,0.003989999999999938,-1
0.0041100000000000581,-0.0025699999999999612,-1
0.0014199999999999768,-0.010890000000000066,1
-0.013460000000000027,0.0064500000000000668,1
-0.0044399999999999995,0.0017499999999999183,1
0.0081999999999999851,0.0016799999999999038,-1
0.0034299999999998221,-0.00078999999999984638,-1
0.00089000000000005741,-0.0052699999999998859,-1
-0.0060599999999997323,-0.0098400000000000709,1
-0.015109999999999957,0.0020000000000000018,-1
-0.0078400000000000691,-0.014459999999999917,-1
-0.012459999999999916,-0.00096000000000007191,1
-0.015419999999999989,0.0030699999999999061,-1
0.0021099999999998342,-0.0023400000000000087,1
0.0007299999999998974,0.0026800000000002377,1
0.00034000000000022901,0.004509999999999792,-1
0.0071900000000000297,-0.0037499999999999201,-1
0.00075999999999987189,-0.0070699999999999097,-1
-0.01081999999999983,-0.0013000000000000789,-1
-0.0083699999999999886,-0.0043999999999999595,1
-0.0057000000000000384,0.0027999999999999137,1
-0.0016000000000000458,0.0054499999999999549,-1
0.0082499999999998685,-0.0080999999999999961,-1
-0.0026500000000000412,-0.00073999999999996291,-1
-0.008839999999999959,-9.9999999999988987e-05,1
-0.0008399999999999519,0.00062999999999990841,-1
0.00052999999999991942,-0.0019799999999998708,-1
-0.0013499999999999623,-0.0016499999999999293,-1
-0.0036299999999998001,-0.0012300000000000644,-1
-0.0028799999999999937,-0.0011200000000000099,-1
-0.0023500000000000743,-0.0013499999999999623,1
-0.0024699999999999722,0.0057000000000000384,-1
0.004350000000000076,-0.0015800000000001369,1
0.0041199999999999015,0.030730000000000146,-1
0.029150000000000009,-0.0034900000000002152,-1
0.027239999999999931,-0.00015999999999993797,-1
-0.0036500000000001531,-0.0047499999999998099,1
-0.0049099999999997479,0.0058499999999999108,1
0.0011000000000001009,0.012240000000000029,-1
0.018089999999999939,-0.0067900000000000738,1
0.0054499999999999549,0.0043599999999999195,-1
-0.0024300000000001543,-0.0009900000000000464,1
0.0033699999999998731,0.0010499999999999954,-1
5.9999999999948983e-05,-0.0057299999999997908,-1
-0.0046799999999997954,-0.0060500000000001108,-1
-0.011779999999999902,-0.0030700000000001282,1
-0.009120000000000239,0.0020700000000002383,1
-0.00099999999999988987,0.00064999999999981739,1
0.0027200000000000557,0.0041000000000002146,1
0.004750000000000032,0.0037999999999998035,-1
0.0079000000000000181,-0.0040800000000000836,1
-0.00028000000000028002,0.0050000000000001155,1
0.0009200000000000319,0.00069999999999992291,1
0.0057000000000000384,0.00090999999999996639,-1
0.0016099999999998893,-0.0048499999999997989,1
-0.0039399999999998325,0.00095000000000000639,-1
-0.0038999999999997925,-0.0081299999999999706,-1
-0.0071799999999999642,-0.000220000000000109,-1
-0.0083500000000000796,-0.0027800000000000047,-1
-0.0030000000000001137,-0.0073399999999999022,1
-0.010119999999999907,0.0026299999999999102,1
-0.004709999999999992,0.014880000000000004,-1
0.017509999999999915,-0.00026999999999999247,1
0.014610000000000012,0.0014799999999999258,-1
0.0012099999999999334,-0.0081599999999999451,-1
-0.0066800000000000193,-0.0012900000000000134,1
-0.0094499999999999584,0.004250000000000087,-1
0.0029600000000000737,-0.0028500000000000192,1
0.0014000000000000679,0.0053700000000000969,1
0.0025200000000000777,0.00067999999999979188,-1
0.0060499999999998888,-0.0025100000000000122,1
-0.0018300000000002203,0.0018100000000000893,-1
-0.00069999999999992291,-0.0036599999999999966,-1
-0.0018499999999999073,-0.0015700000000000713,-1
-0.0052300000000000679,-0.0062100000000000488,1
-0.0077800000000001202,0.00014000000000002899,1
-0.0060700000000000198,0.0054800000000001514,1
0.0056200000000001804,0.00095000000000000639,1
0.0064300000000001578,0.004029999999999978,1
0.0049799999999999844,0.0033199999999999896,-1
0.0073499999999999677,-0.011460000000000026,1
-0.0081400000000000361,0.00048000000000003595,1
-0.01097999999999999,0.0070500000000000007,1
0.0075300000000000367,0.0022599999999999287,1
0.0093099999999999294,0.017370000000000108,1
0.019630000000000036,0.010719999999999841,-1
0.028089999999999948,-0.0046399999999999775,-1
0.0060799999999998633,-0.00092999999999987537,1
-0.0055699999999998528,0.0045199999999998575,1
0.0035899999999999821,0.0099200000000001509,-1
0.014440000000000008,-0.00043000000000015248,1
0.0094899999999999984,0.0032099999999999351,-1
0.0027799999999997826,-0.0064299999999999358,-1
-0.0032200000000000006,-0.0028599999999998627,-1
-0.0092899999999997984,-0.004729999999999901,-1
-0.0075899999999997636,-0.0032800000000001717,-1
-0.0080100000000000726,-0.0022800000000000598,-1
-0.0055600000000002314,-0.0012600000000000389,1
-0.0035400000000000986,0.0018000000000000238,-1
0.00053999999999998494,-0.00035999999999991594,-1
0.0014400000000001079,-0.0096600000000000019,-1
-0.010019999999999918,-0.00021999999999988695,-1
-0.0098799999999998889,-0.00088000000000021394,1
-0.0011000000000001009,0.00085000000000001741,-1
-3.0000000000196536e-05,-0.009279999999999955,-1
-0.0084299999999999375,-0.00056999999999995943,-1
-0.0098499999999999144,-0.003909999999999858,-1
-0.0044799999999998175,-0.00091000000000018844,-1
-0.0048200000000000465,-0.00072000000000005393,1
-0.0016300000000002424,0.0076700000000000657,1
0.0069500000000000117,0.0054499999999999549,-1
0.013120000000000021,-0.00088999999999983537,1
0.0045600000000001195,0.0020999999999999908,-1
0.0012100000000001554,-0.0012100000000001554,-1
0.00088999999999983537,-0.0014399999999998858,1
-0.0026500000000000412,0.019059999999999855,-1
0.017619999999999969,-0.0026299999999999102,1
0.016429999999999945,0.0014499999999999513,-1
-0.0011799999999999589,-0.0061299999999999688,1
-0.0046800000000000175,0.00036999999999998145,1
-0.0057599999999999874,0.010860000000000092,1
0.011230000000000073,0.0099799999999998779,-1
0.02083999999999997,-0.0047800000000000065,1
0.0051999999999998714,0.00060000000000015596,-1
-0.0041799999999998505,-0.0033799999999999386,-1
-0.0027799999999997826,-0.0022800000000002818,-1
-0.0056600000000002204,-0.0034600000000000186,-1
-0.0057400000000003004,-0.00049999999999994493,-1
-0.0039599999999999635,-0.0015000000000000568,-1
-0.0020000000000000018,-0.00025999999999970491,1
-0.0017599999999997618,0.0037399999999998546,1
0.0034800000000001496,0.0090900000000000425,1
0.012829999999999897,0.0044399999999999995,1
0.013530000000000042,0.0045599999999998975,-1
0.008999999999999897,-3.9999999999817959e-05,1
0.0045200000000000795,0.0012299999999998423,-1
0.0011900000000000244,-0.00016999999999978144,-1
0.0010600000000000609,-0.000480000000000258,1
-0.00065000000000003944,0.0013000000000000789,-1
0.00081999999999982087,-0.0023899999999998922,1
-0.0010899999999998133,0.0022599999999999287,1
-0.00012999999999996348,0.00096999999999991537,1
0.0032299999999998441,0.00055000000000005045,-1
0.0015199999999999658,-0.0024399999999999977,-1
-0.0018899999999999473,-0.010310000000000041,-1
-0.012750000000000039,-0.0016400000000000858,1
-0.011950000000000127,0.0011400000000001409,1
-0.00049999999999994493,0.0013499999999999623,1
0.0024900000000001032,0.0019000000000000128,1
0.0032499999999999751,0.004650000000000043,-1
0.0065500000000000558,-0.0055700000000000749,-1
-0.0009200000000000319,-0.0012899999999997913,-1
-0.0068599999999998662,-0.0070400000000001572,1
-0.0083299999999999486,0.0013199999999999878,1
-0.0057200000000001694,0.0036300000000000221,1
0.0049500000000000099,0.0031900000000000261,1
0.0068200000000000482,0.0027900000000000702,1
0.0059800000000000963,0.0025499999999998302,1
0.0053399999999999004,0.0097000000000000419,1
0.012249999999999872,0.00051000000000001044,1
0.010210000000000052,0.0071900000000000297,-1
0.0077000000000000401,-0.0026300000000001322,-1
0.0045599999999998975,-0.0011099999999997223,-1
-0.0037399999999998546,-0.0085800000000002541,-1
-0.0096899999999999764,-3.9999999999817959e-05,-1
-0.008620000000000072,-0.00061000000000022148,-1
-0.00065000000000003944,-0.0013899999999997803,-1
-0.0020000000000000018,-0.0011499999999999844,1
-0.0025399999999997647,0.0052399999999999114,-1
0.004089999999999927,-0.004550000000000054,-1
0.00068999999999985739,-0.0072299999999998477,1
-0.011779999999999902,0.00090999999999996639,-1
-0.0063199999999998813,-7.0000000000014495e-05,-1
0.0008399999999999519,-0.00016000000000016001,-1
-0.00023000000000017451,-0.0089500000000000135,-1
-0.0091100000000001735,-0.0020799999999998597,1
-0.011029999999999873,0.0019299999999999873,-1
-0.00014999999999987246,-0.00055000000000005045,-1
0.0013799999999999368,0.0,-1
-0.00055000000000005045,-0.0076100000000001167,1
-0.0076100000000001167,0.0015700000000000713,1
-0.0060400000000000453,0.0036899999999999711,-1
0.0052600000000000424,-0.0080899999999999306,-1
-0.0043999999999999595,-0.00015999999999993797,1
-0.0082499999999998685,0.0031300000000000772,-1
0.0029700000000001392,-0.0010300000000000864,1
0.0020999999999999908,0.0053499999999999659,-1
0.0043199999999998795,-0.0032600000000000406,1
0.0020899999999999253,0.02134999999999998,-1
0.018089999999999939,-0.00089999999999990088,-1
0.020450000000000079,-0.00019000000000013451,1
-0.0010900000000000354,1.0000000000065512e-05,1
-0.00018000000000006899,0.0045200000000000795,-1
0.004530000000000145,-0.0086699999999999555,-1
-0.004149999999999876,-0.0064600000000001323,1
-0.015130000000000088,5.0000000000105516e-05,1
-0.0064100000000000268,0.004129999999999967,-1
0.0041800000000000725,-0.0081499999999998796,1
-0.0040199999999999125,0.0053499999999999659,-1
-0.0027999999999999137,-0.0031300000000000772,1
0.0022199999999998887,0.0043200000000001015,1
0.0011900000000000244,0.0047899999999998499,-1
0.0091099999999999515,-0.0008099999999999774,-1
0.0039799999999998725,-0.0056599999999999984,1
-0.0064699999999999758,0.0073600000000000332,1
0.0017000000000000348,0.004369999999999985,-1
0.011730000000000018,-0.026939999999999964,-1
-0.022569999999999979,-0.0033700000000000951,-1
-0.030310000000000059,-0.0061700000000000088,1
-0.009540000000000104,0.0062699999999999978,1
9.9999999999988987e-05,0.0050600000000000644,-1
0.011330000000000062,-0.0024599999999999067,1
0.0026000000000001577,0.0034299999999998221,-1
0.00096999999999991537,-0.00035999999999991594,1
0.0030699999999999061,0.0016099999999998893,-1
0.0012499999999999734,-0.008359999999999923,1
-0.0067500000000000338,0.0032799999999999496,-1
-0.0050799999999999734,-0.0035299999999998111,-1
-0.00024999999999986144,-0.0010100000000001774,1
-0.0045399999999999885,1.9999999999908979e-05,1
-0.00099000000000026844,0.0010100000000001774,1
0.0010300000000000864,0.00028999999999990145,1
0.0013000000000000789,0.0035400000000000986,1
0.0038300000000000001,0.0014300000000000423,-1
0.004970000000000141,-0.0084100000000000286,1
-0.0069799999999999862,0.0029699999999999172,1
-0.0054400000000001114,0.0016400000000000858,-1
0.004610000000000003,-0.0056400000000000894,-1
-0.0040000000000000036,-0.00075999999999987189,1
-0.0063999999999999613,0.0015999999999998238,-1
0.0008399999999999519,-0.0051699999999998969,-1
-0.0035700000000000731,-0.00035000000000007248,1
-0.0055199999999999694,0.0021900000000001363,-1
0.0018400000000000638,-0.00043000000000015248,1
0.0017599999999999838,0.0068700000000001538,1
0.0064400000000000013,0.0020599999999999508,1
0.0089300000000001045,0.0091599999999998349,1
0.011219999999999786,0.00021000000000004349,-1
0.0093699999999998784,-0.00051999999999985391,1
-0.00030999999999981043,0.0052900000000000169,-1
0.004770000000000163,-0.0070500000000000007,-1
-0.0017599999999999838,-0.0020800000000000818,-1
-0.0091300000000000825,-0.0053599999999998094,1
-0.0074399999999998911,0.0016699999999998383,-1
-0.0036899999999999711,-0.00068000000000001393,1
0.00098999999999982435,0.0030600000000000627,1
0.0023800000000000487,0.0070900000000000407,-1
0.010150000000000103,-0.004690000000000083,1
0.0023999999999999577,0.0018899999999999473,1
-0.0028000000000001357,0.00034000000000000696,1
0.0022299999999999542,0.0024200000000000887,1
0.0027600000000000957,0.0091199999999997949,1
0.011539999999999884,0.0017000000000000348,1
0.01081999999999983,0.0052000000000000934,-1
0.0069000000000001283,-0.0019799999999998708,-1
0.0032200000000002227,-0.0012300000000002864,1
-0.0032100000000001572,0.00063000000000013046,-1
-0.00060000000000015596,-0.0016700000000000603,-1
-0.0010399999999999299,-0.0038899999999999491,1
-0.0055600000000000094,0.0020500000000001073,-1
-0.0018399999999998418,-0.009020000000000028,1
-0.0069699999999999207,2.9999999999974492e-05,-1
-0.0089900000000000535,-0.00078000000000000291,-1
-0.00075000000000002842,-0.0039000000000000146,1
-0.0046800000000000175,0.0012300000000000644,1
-0.0026699999999999502,0.0033900000000000041,-1
0.0046200000000000685,-0.0040400000000000436,1
-0.00065000000000003944,0.00024000000000001798,-1
-0.0038000000000000256,-0.00085000000000001741,1
-0.00060999999999999943,0.0096299999999998054,-1
0.008779999999999788,-0.00020999999999982144,1
0.0094199999999999839,0.0022800000000000598,-1
0.0020700000000002383,-0.0034000000000000696,1
-0.0011200000000000099,0.00052000000000007596,1
-0.0028799999999999937,0.00020999999999982144,-1
0.0007299999999998974,-0.0023099999999998122,1
-0.0020999999999999908,0.0027500000000000302,1
0.00044000000000021799,0.0005799999999998029,-1
0.0033299999999998331,-0.0095999999999998309,1
-0.009020000000000028,0.00052000000000007596,1
-0.0090799999999997549,0.0020199999999999108,-1
0.0025399999999999867,-0.0024900000000001032,1
-0.00047000000000019249,0.0036899999999999711,1
0.0011999999999998678,0.0019800000000000928,1
0.0056700000000000639,0.0014199999999999768,1
0.0034000000000000696,0.0010999999999998789,1
0.0025199999999998557,0.0017000000000000348,-1
0.0027999999999999137,-0.0035799999999999166,1
-0.0018799999999998818,8.9999999999923475e-05,1
-0.0034899999999999931,0.00065000000000003944,1
0.00073999999999996291,0.00082000000000004292,1
0.0014700000000000824,0.00036999999999998145,-1
0.0011900000000000244,-0.0021899999999999142,-1
-0.0018199999999999328,-0.00082000000000004292,1
-0.0030099999999999572,0.00010999999999983245,-1
-0.00071000000000021046,-0.0060699999999997978,1
-0.0059599999999999653,0.0052299999999998459,-1
-0.0008399999999999519,-0.0005499999999998284,-1
0.0046800000000000175,-0.0052300000000000679,-1
-0.0057799999999998963,-0.0080700000000000216,-1
-0.01330000000000009,-0.0046899999999998609,1
-0.012759999999999883,0.004089999999999927,-1
-0.00059999999999993392,-0.0084200000000000941,1
-0.004330000000000167,0.00015999999999993797,1
-0.0082600000000001561,0.0031800000000001827,-1
0.0033400000000001207,-0.0024200000000000887,-1
0.00076000000000009393,-1.0000000000065512e-05,-1
-0.0024300000000001543,-0.0050799999999999734,-1
-0.0050900000000000389,-0.004510000000000014,-1
-0.0095899999999999874,-0.00039999999999995595,-1
-0.0049099999999999699,-0.00070999999999998842,1
-0.0011099999999999444,0.0018299999999999983,1
0.0011200000000000099,0.0018299999999999983,-1
0.0036599999999999966,-0.0013499999999999623,1
0.00048000000000003595,0.008779999999999788,-1
0.0074299999999998256,-0.00043999999999977391,-1
0.0083400000000000141,-0.00056999999999995943,1
-0.0010099999999997333,0.008379999999999832,1
0.0078099999999998726,0.0041999999999999815,1
0.012579999999999814,0.00077000000000015945,1
0.004970000000000141,0.0032599999999998186,-1
0.004029999999999978,-0.004389999999999894,-1
-0.0011300000000000754,-0.0045399999999999885,-1
-0.0089299999999998825,-0.0030900000000000372,-1
-0.0076300000000000257,-0.0098599999999999799,-1
-0.012950000000000017,-0.0032499999999999751,-1
-0.013109999999999955,-0.0033499999999999641,-1
-0.0065999999999999392,-0.0030900000000000372,-1
-0.0064400000000000013,-0.0077199999999999491,-1
-0.010809999999999986,-0.0021100000000000563,-1
-0.0098300000000000054,-0.0018299999999999983,-1
-0.0039400000000000546,-0.008379999999999832,-1
-0.01020999999999983,-0.0035700000000000731,-1
-0.011949999999999905,-0.0003700000000002035,1
-0.0039400000000002766,0.0054700000000000859,-1
0.0050999999999998824,-0.00042999999999993044,-1
0.0050400000000001555,-0.0091300000000000825,1
-0.0095600000000000129,0.0018100000000000893,1
-0.0073199999999999932,0.0026200000000000667,1
0.004430000000000156,0.0022699999999997722,1
0.0048899999999998389,0.00093000000000009742,1
0.0031999999999998696,0.0028699999999999282,-1
0.0038000000000000256,-0.0057399999999998563,1
-0.0028699999999999282,0.0072700000000001097,-1
0.0015300000000002534,-0.000480000000000258,-1
0.0067899999999998517,-0.009019999999999806,1
-0.0095000000000000639,0.018929999999999891,-1
0.0099100000000000854,-0.0038300000000000001,1
0.015099999999999891,0.0040900000000001491,-1
0.000260000000000149,-0.0138100000000001,-1
-0.0097199999999999509,-0.0061800000000000743,-1
-0.019990000000000174,-0.0013199999999999878,1
-0.0075000000000000622,0.0095499999999999474,-1
0.0082299999999999596,-0.0013900000000000023,-1
0.0081599999999999451,-0.011599999999999833,-1
-0.012989999999999835,-0.0095000000000000639,1
-0.021099999999999897,0.0033799999999999386,-1
-0.0061200000000001253,-0.00046000000000012697,-1
0.0029199999999998116,-0.004329999999999945,-1
-0.004790000000000072,-0.0011799999999997368,1
-0.0055099999999996818,0.0035699999999998511,1
0.0023900000000001143,0.0011300000000000754,1
0.0046999999999999265,0.0022699999999997722,-1
0.0033999999999998476,-0.00077999999999978087,1
0.0014899999999999913,0.0001100000000000545,1
-0.00066999999999972637,0.00071999999999983189,-1
0.00082999999999988638,-0.004629999999999912,1
-0.0039100000000000801,0.015099999999999891,-1
0.010469999999999979,-0.0050099999999999589,-1
0.010089999999999932,-0.0058000000000000274,-1
-0.010809999999999986,-0.003989999999999938,1
-0.0097899999999999654,0.0079400000000000581,1
0.0039500000000001201,0.010639999999999983,-1
0.018580000000000041,-0.0074000000000000732,-1
0.0032399999999999096,0.0,1
-0.0074000000000000732,0.0056499999999999329,-1
0.0056499999999999329,-0.0033699999999998731,1
0.0022800000000000598,0.004189999999999916,1
0.00082000000000004292,0.0021400000000000308,1
0.0063299999999999468,0.0025500000000000522,-1
0.004690000000000083,-0.0013499999999999623,-1
0.0012000000000000899,-0.0025399999999999867,1
-0.0038899999999999491,0.0094899999999999984,-1
0.0069500000000000117,-0.0069000000000001283,1
0.0025899999999998702,0.0031000000000001027,1
-0.0038000000000000256,0.0040799999999998615,1
0.0071799999999999642,0.0012700000000001044,1
0.0053499999999999659,0.0046600000000001085,-1
0.0059300000000002129,-0.0030900000000000372,1
0.0015700000000000713,0.0024399999999999977,-1
-0.00065000000000003944,-0.0069300000000001027,1
-0.004490000000000105,0.0011200000000000099,1
-0.0058100000000000929,0.0022299999999999542,-1
0.0033499999999999641,-0.00092999999999987537,1
0.0013000000000000789,0.0093399999999999039,-1
0.0084100000000000286,-0.0036000000000000476,-1
0.0057399999999998563,-0.00029999999999996696,1
-0.0039000000000000146,0.0023400000000000087,-1
0.0020400000000000418,-0.00029999999999996696,-1
0.0020400000000000418,-0.0039199999999999235,-1
-0.0042199999999998905,-0.0064300000000001578,1
-0.010350000000000081,0.0012300000000000644,-1
-0.0052000000000000934,-0.0033900000000000041,-1
-0.0021599999999999397,-0.0017300000000000093,-1
-0.0051200000000000134,-0.0020999999999999908,-1
-0.0038300000000000001,-0.0020100000000000673,-1
-0.0041100000000000581,-0.0020500000000001073,1
-0.0040600000000001746,0.0024100000000002453,1
0.00036000000000013799,0.0068799999999999972,-1
0.0092900000000002425,-0.0056900000000001949,1
0.0011899999999998023,0.0010499999999999954,-1
-0.0046400000000001995,-0.0016000000000000458,-1
-0.00055000000000005045,-0.0067599999999996552,1
-0.008359999999999701,0.00092999999999987537,1
-0.0058299999999997798,0.0033499999999999641,-1
0.0042799999999998395,-0.0023899999999998922,-1
0.00096000000000007191,-0.00076000000000009393,1
-0.0031499999999999861,0.0031299999999998551,-1
0.0023699999999997612,-0.0015000000000000568,-1
0.0016299999999997983,-0.0032699999999998841,-1
-0.004769999999999941,-0.0029300000000000992,1
-0.0061999999999999833,0.011460000000000026,-1
0.0085299999999999265,-5.9999999999948983e-05,-1
0.011400000000000077,-0.004169999999999785,-1
-0.004229999999999734,-0.00098000000000020293,-1
-0.0051499999999999879,-0.0024599999999999067,1
-0.0034400000000001096,0.0034699999999998621,1
0.0010099999999999554,0.0093500000000001915,1
0.012820000000000054,0.0016599999999999948,-1
0.011010000000000186,-0.0038700000000000401,-1
-0.0022100000000000453,-0.0038800000000001056,1
-0.0077500000000001457,0.012550000000000061,1
0.0086699999999999555,0.0034399999999998876,-1
0.015989999999999949,-0.0034099999999999131,1
2.9999999999974492e-05,0.00045000000000006146,-1
-0.0029599999999998516,-0.00056999999999995943,1
-0.00011999999999989797,0.0075899999999999856,-1
0.0070200000000000262,-0.0023400000000000087,-1
0.0052499999999999769,-0.00058000000000002494,1
-0.0029200000000000337,0.0015799999999999148,1
0.00099999999999988987,0.0046600000000001085,1
0.0062400000000000233,0.0015199999999999658,-1
0.0061800000000000743,-0.004450000000000065,-1
-0.0029300000000000992,-0.0058000000000000274,-1
-0.010250000000000092,-0.0070999999999998842,-1
-0.012899999999999912,-0.0034199999999999786,1
-0.010519999999999863,0.0015499999999999403,1
-0.0018700000000000383,9.0000000000145519e-05,1
0.0016400000000000858,0.00081999999999982087,-1
0.00090999999999996639,-0.0006199999999998429,-1
0.00019999999999997797,-0.0028399999999999537,-1
-0.0034599999999997966,-0.0053199999999999914,-1
-0.0081599999999999451,-0.00091000000000018844,1
-0.0062300000000001798,0.0016399999999998638,1
0.00072999999999967535,0.0012700000000001044,1
0.0029099999999999682,0.0060100000000000708,-1
0.0072800000000001752,-0.0055499999999999439,-1
0.00046000000000012697,-0.00051000000000001044,-1
-0.0060599999999999543,0.0,1
-0.00051000000000001044,0.0033900000000000041,1
0.0033900000000000041,0.0083999999999999631,-1
0.011789999999999967,-0.0012600000000000389,-1
0.0071399999999999242,-0.00010999999999983245,1
-0.0013699999999998713,0.0012199999999997768,1
0.0011099999999999444,0.014739999999999975,-1
0.015959999999999752,-0.00082999999999988638,1
0.013910000000000089,0.0062999999999999723,-1
0.0054700000000000859,-0.0019799999999998708,-1
0.0043200000000001015,-0.004310000000000036,1
-0.0062899999999999068,0.0029299999999998771,1
-0.0013800000000001589,0.0011300000000000754,1
0.0040599999999999525,0.00028999999999990145,1
0.0014199999999999768,0.0026500000000000412,-1
0.0029399999999999427,-0.0046999999999999265,1
-0.0020499999999998852,0.0092699999999998894,1
0.004569999999999963,0.0018000000000000238,-1
0.011069999999999913,-0.0034000000000000696,-1
-0.0016000000000000458,-0.0038199999999999346,-1
-0.0072200000000000042,-0.004089999999999927,-1
-0.0079099999999998616,-0.0018499999999999073,-1
-0.0059399999999998343,-0.00029000000000012349,1
-0.0021400000000000308,0.0065900000000000958,-1
0.0062999999999999723,-0.00023000000000017451,1
0.0063599999999999213,0.0052000000000000934,1
0.0049699999999999189,0.011360000000000037,1
0.01656000000000013,0.0060899999999999288,-1
0.017449999999999966,-0.004429999999999934,1
0.0016599999999999948,0.0097199999999999509,-1
0.0052900000000000169,-0.00041999999999986493,1
0.009300000000000086,0.0034199999999997566,-1
0.0029999999999998916,-0.0058399999999998453,1
-0.0024200000000000887,0.0051699999999998969,-1
-0.00066999999999994841,-0.0020599999999999508,-1
0.0031099999999999461,-0.0029399999999999427,-1
-0.0049999999999998934,-0.00046000000000012697,-1
-0.0034000000000000696,-0.0046799999999997954,1
-0.0051399999999999224,0.004369999999999763,1
-0.00031000000000003247,0.0065800000000002523,-1
0.010950000000000015,-0.0025900000000003143,1
0.003989999999999938,0.0068800000000002193,-1
0.004289999999999905,-0.00038999999999989043,-1
0.0064900000000003288,-0.0020300000000001983,1
-0.0024200000000000887,0.0012800000000001699,-1
-0.00075000000000002842,-0.0014600000000000168,-1
-0.00017999999999984695,-0.0065500000000000558,1
-0.0080100000000000726,0.00056999999999995943,1
-0.0059800000000000963,0.00059000000000009045,-1
0.0011600000000000499,-0.00049000000000010147,1
